StudentID,TextLevel-01-SOY,TextLevel-01-MOY,TextLevel-01-EOY,TextLevel-02-SOY,TextLevel-02-MOY,TextLevel-02-EOY,WritingVocab-01-SOY,HRSIW-01-SOY,Counting-01,Counting-02,Place Value-01,Place Value-02,Addition and Subtraction-01,Addition and Subtraction-02,Multiplication and Division-01,Multiplication and Division-02,Kinder_Age,Gender,Disability_Non-disable,Disability_Cognitive,Disability_Physical,Disability_Sensory,Disability_SocialEmotional,NCCD-Funded,NumSibling,SiblingOrder,01.SES,02.SES,NumAbvYear9,NumAbvDiploma,NumProf,Year_02,Year3_Reading_At_Risk
793539920,20,24,31,32,29,29,36,37,5,5,3,3,4,5,2,4,5.50,Male,1,0,0,0,0,0,2,2,95,95,2,1,1,2018,FALSE
550065192,22,23,26,29,32,32,39,47,3,4,2,2,1,2,2,2,5.37,Female,1,0,0,0,0,0,2,1,114,114,2,1,1,2020,FALSE
181544661,26,30,29,28,31,31,47,48,1,4,1,2,3,3,2,2,6.07,Female,1,0,0,0,0,0,2,2,109,109,2,2,2,2020,FALSE
351553699,5,12,18,18,17,23,9,34,1,3,0,1,1,1,2,2,5.48,Female,1,0,0,0,0,0,3,2,98,98,2,1,0,2017,TRUE
458666003,5,8,21,25,21,27,21,22,1,3,0,2,1,0,0,2,5.09,Female,1,0,0,0,0,0,2,1,93,93,2,1,1,2020,TRUE
717844892,8,10,21,19,17,26,28,33,2,3,1,1,1,2,0,2,5.50,Female,1,0,0,0,0,0,2,2,105,105,0,0,0,2020,FALSE
970104490,11,17,25,25,24,25,29,29,2,3,2,2,2,4,2,2,5.48,Male,0,1,0,0,0,0,2,1,95,95,2,1,1,2017,FALSE
492396580,31,30,30,28,30,30,22,32,3,3,2,2,3,2,2,2,5.64,Female,1,0,0,0,0,0,1,1,107,107,0,0,0,2017,FALSE
182484108,25,23,29,34,31,31,51,45,2,1,1,1,1,3,2,2,4.58,Female,1,0,0,0,0,0,1,1,95,93,0,0,0,2021,FALSE
878033251,9,13,21,22,26,28,23,31,2,2,1,2,1,1,0,2,5.16,Female,1,0,0,0,0,0,2,1,88,88,1,1,0,2018,FALSE
372335068,28,24,24,27,29,30,12,48,4,5,3,4,4,4,2,3,5.62,Male,0,1,0,0,0,0,1,1,91,91,2,0,0,2020,FALSE
179671693,13,14,16,20,21,25,14,26,2,2,1,1,1,1,0,2,5.30,Male,1,0,0,0,0,0,2,2,97,97,2,1,0,2017,FALSE
875279737,14,21,27,27,30,28,7,30,2,4,1,2,0,2,1,2,5.02,Female,1,0,0,0,0,0,2,2,95,95,2,2,2,2020,FALSE
919744899,12,15,19,17,25,26,20,25,1,4,1,2,1,2,2,2,5.54,Male,1,0,0,0,0,0,3,1,95,95,2,1,0,2018,FALSE
329243759,15,17,20,22,26,24,27,40,1,3,1,2,2,4,2,2,5.25,Male,1,0,0,0,0,0,2,1,104,104,2,2,2,2020,FALSE
544014395,16,23,30,30,31,31,33,33,2,5,1,2,2,4,0,2,5.13,Male,1,0,0,0,0,0,2,2,97,97,2,2,0,2017,FALSE
513068878,12,13,21,20,23,30,12,14,2,2,1,1,1,2,1,2,4.84,Female,0,1,0,0,0,1,2,1,99,99,2,0,0,2020,FALSE
441123075,10,12,19,19,25,28,14,35,3,2,2,2,3,2,0,2,5.16,Female,0,1,0,0,0,0,3,1,95,95,1,0,0,2018,FALSE
578363755,8,11,20,24,24,26,9,36,0,2,1,2,2,1,0,2,6.15,Male,1,0,0,0,0,0,1,1,112,112,2,0,1,2020,FALSE
955721271,8,14,21,17,23,27,10,38,0,2,1,1,0,2,0,2,5.38,Male,1,0,0,0,0,0,3,2,103,103,2,2,1,2020,FALSE
353473413,7,20,20,23,25,29,33,36,3,3,2,1,4,4,0,0,5.21,Male,1,0,0,0,0,0,4,2,101,101,2,1,0,2016,FALSE
380791193,8,11,24,19,25,26,8,26,2,3,1,2,1,3,1,2,5.76,Male,1,0,0,0,0,0,3,2,95,95,2,2,2,2017,FALSE
728034553,16,22,25,25,31,31,27,37,2,2,2,2,2,2,2,2,5.22,Male,0,1,0,0,0,0,2,1,109,109,2,2,1,2020,FALSE
417108271,12,16,22,25,29,28,4,41,2,3,1,1,1,2,2,2,4.61,Female,1,0,0,0,0,0,3,2,94,94,2,2,1,2020,FALSE
146268551,8,13,18,25,23,30,18,12,1,2,1,1,1,2,0,2,5.25,Female,1,0,0,0,0,0,2,1,107,96,2,1,1,2021,FALSE
292283419,8,12,19,17,21,24,9,14,2,2,1,1,1,3,0,2,4.69,Female,0,1,0,0,0,0,2,1,103,103,1,1,0,2017,FALSE
453175077,9,15,23,21,22,29,15,39,2,3,1,2,2,4,2,2,5.59,Female,0,0,1,0,0,0,2,1,105,105,2,2,2,2020,FALSE
727269733,31,29,28,31,29,30,43,40,3,5,2,2,3,5,2,3,5.71,Male,1,0,0,0,0,0,2,1,105,105,2,1,1,2020,FALSE
366225432,10,15,24,20,23,28,37,31,2,4,1,2,2,0,0,2,5.55,Female,1,0,0,0,0,0,2,2,102,102,2,0,0,2016,FALSE
189521551,12,14,21,25,30,30,27,48,1,2,1,1,1,1,0,0,5.01,Male,1,0,0,0,0,0,3,3,95,93,2,2,1,2021,FALSE
486109831,8,17,24,31,30,31,27,39,1,2,1,1,2,1,1,2,5.20,Female,1,0,0,0,0,0,3,2,109,109,2,2,0,2020,FALSE
744081052,11,14,20,22,25,30,27,33,1,3,1,1,1,3,1,2,5.21,Female,1,0,0,0,0,0,2,2,113,113,2,2,1,2020,FALSE
946761998,2,13,18,18,18,22,5,5,2,3,1,2,0,3,0,2,5.04,Male,0,1,0,0,0,1,2,2,95,95,2,1,2,2017,TRUE
730561297,10,16,26,27,30,30,16,44,3,2,1,2,2,1,0,2,5.75,Male,1,0,0,0,0,0,2,2,103,103,2,0,0,2020,FALSE
221038512,9,13,22,21,26,28,12,34,2,2,1,1,0,0,0,0,5.25,Male,1,0,0,0,0,0,2,2,114,114,2,2,2,2017,FALSE
772959496,7,13,18,20,23,26,16,34,1,2,1,2,2,2,1,2,4.67,Female,1,0,0,0,0,0,4,2,98,98,2,2,0,2017,FALSE
219322616,8,13,21,18,21,24,22,34,2,3,1,1,0,1,1,1,5.76,Male,1,0,0,0,0,0,3,1,103,103,2,1,1,2018,FALSE
608560930,17,19,27,30,30,29,16,43,0,4,1,2,1,4,0,2,5.58,Male,1,0,0,0,0,0,2,2,116,116,2,1,1,2020,FALSE
184925118,10,12,21,25,27,32,14,40,1,4,1,2,0,4,0,2,4.67,Male,1,0,0,0,0,0,2,2,120,120,2,0,1,2016,FALSE
156725548,10,12,15,18,20,30,25,31,0,4,2,2,1,4,1,2,5.23,Male,1,0,0,0,0,0,2,2,116,116,2,2,1,2020,FALSE
678250422,7,13,18,16,22,25,22,18,2,2,1,1,1,2,1,2,5.55,Male,0,1,0,0,0,1,1,1,99,94,2,1,0,2021,TRUE
512093086,7,13,15,18,17,20,22,33,2,3,1,2,2,2,0,2,6.07,Male,0,1,0,0,0,0,2,1,91,91,2,1,1,2020,TRUE
544903115,8,11,18,16,20,26,32,20,1,3,1,2,2,4,2,2,5.34,Male,1,0,0,0,0,0,4,4,98,98,2,2,0,2018,TRUE
200701341,10,12,15,20,24,25,13,39,1,2,1,1,1,3,1,2,5.54,Male,1,0,0,0,0,0,2,1,95,92,2,2,0,2021,FALSE
193444118,11,18,22,20,26,26,37,32,2,2,1,1,1,2,1,2,5.00,Female,1,0,0,0,0,0,3,2,120,120,2,0,2,2017,FALSE
886248482,12,12,17,17,23,31,42,31,1,3,1,2,0,2,1,2,5.09,Female,1,0,0,0,0,0,3,1,114,114,1,0,0,2017,FALSE
459496387,13,15,19,17,26,28,22,27,2,3,1,2,2,1,2,2,5.44,Male,1,0,0,0,0,0,1,1,97,97,2,0,1,2018,TRUE
642189367,22,26,30,28,28,29,35,34,3,4,2,2,2,4,1,4,5.06,Male,1,0,0,0,0,0,1,1,95,95,0,0,0,2018,FALSE
307409217,11,15,23,27,30,29,25,30,0,3,1,2,1,3,1,2,5.44,Female,1,0,0,0,0,0,2,2,116,116,2,0,0,2018,FALSE
524869707,13,21,22,21,25,30,22,48,0,2,1,2,0,2,0,2,4.65,Male,1,0,0,0,0,0,2,1,91,91,2,1,0,2020,FALSE
571010304,13,14,21,23,23,30,26,38,3,3,1,2,1,2,1,1,4.91,Female,1,0,0,0,0,0,3,2,101,101,2,2,0,2020,FALSE
879637870,14,15,19,19,26,30,15,38,2,4,2,2,0,2,0,1,4.91,Male,0,1,0,0,0,0,2,1,101,101,1,1,0,2020,FALSE
515250605,8,10,19,21,23,31,19,23,1,2,1,1,1,1,0,1,4.91,Male,0,1,0,0,0,0,1,1,95,95,0,0,0,2017,TRUE
587888257,9,12,16,16,20,25,11,39,1,2,1,3,1,3,2,2,4.98,Male,0,1,0,0,0,0,3,2,102,102,2,1,1,2020,FALSE
653460527,10,14,21,26,27,27,30,38,3,4,1,2,1,2,2,2,4.80,Female,1,0,0,0,0,0,2,2,95,95,2,2,2,2018,FALSE
340246946,8,10,23,18,25,25,20,36,1,3,1,1,1,2,0,2,5.29,Female,0,0,1,0,0,0,2,2,104,104,1,1,1,2020,FALSE
732707703,11,12,18,20,20,26,21,19,2,4,2,1,2,2,2,2,5.33,Female,1,0,0,0,0,0,1,1,95,95,2,0,0,2017,FALSE
327601082,13,13,20,19,21,27,22,30,1,5,1,2,1,3,1,1,5.36,Male,1,0,0,0,0,0,4,1,104,104,2,2,2,2017,FALSE
140170734,13,16,29,20,24,25,11,27,1,3,1,1,1,1,2,2,4.76,Female,1,0,0,0,0,0,2,1,92,92,2,0,0,2020,FALSE
439588016,0,9,17,15,17,18,22,38,2,2,1,1,2,3,2,2,5.41,Female,0,1,0,0,0,0,3,2,104,98,2,2,0,2021,TRUE
378665250,19,20,28,23,25,28,42,46,4,4,2,3,5,5,0,3,5.88,Male,1,0,0,0,0,0,2,2,113,113,2,2,1,2020,FALSE
632371410,12,18,21,25,28,30,37,39,2,4,1,2,1,3,1,2,5.03,Female,1,0,0,0,0,0,3,1,95,95,1,0,0,2020,FALSE
428488088,12,16,24,26,25,31,27,31,1,3,1,2,2,3,0,2,5.33,Female,1,0,0,0,0,0,2,1,97,97,1,0,0,2017,FALSE
607574866,13,16,24,23,31,31,28,43,3,4,2,1,3,4,2,2,5.50,Male,1,0,0,0,0,0,1,1,95,95,2,1,1,2020,FALSE
797281001,10,14,21,20,28,33,27,41,2,2,1,1,1,3,2,2,5.75,Female,1,0,0,0,0,0,2,1,101,101,2,0,0,2020,FALSE
153556025,16,16,21,21,25,31,14,29,2,2,1,1,0,2,1,2,5.54,Female,1,0,0,0,0,0,2,2,110,110,2,0,0,2018,FALSE
465910315,8,10,18,18,26,30,9,26,2,3,1,2,1,1,1,2,5.55,Female,0,1,0,0,0,0,2,2,103,103,2,1,1,2020,TRUE
794339402,9,12,18,19,22,23,10,28,2,3,1,1,1,2,2,2,5.73,Male,1,0,0,0,0,0,4,4,97,97,2,2,2,2020,FALSE
941881187,8,13,22,23,25,28,22,32,1,2,0,2,1,2,1,2,4.92,Female,1,0,0,0,0,0,3,2,115,115,2,2,2,2018,FALSE
336882634,6,5,16,18,23,25,10,18,3,4,1,2,2,5,2,2,5.41,Male,1,0,0,0,0,0,1,1,94,94,1,0,0,2017,FALSE
896834179,7,13,25,32,30,30,15,33,2,4,1,2,1,2,1,2,4.51,Female,1,0,0,0,0,0,3,3,95,95,2,2,2,2020,FALSE
909833986,19,18,23,22,28,27,34,41,3,4,1,2,1,4,2,2,5.33,Female,0,0,0,0,1,1,1,1,113,105,1,1,1,2021,FALSE
148433318,15,14,18,24,27,30,22,30,3,5,2,2,1,4,2,2,4.93,Male,1,0,0,0,0,0,1,1,120,120,0,0,0,2016,FALSE
173215751,11,15,20,21,24,24,23,30,2,5,2,2,1,4,2,2,5.67,Male,1,0,0,0,0,0,2,2,95,95,2,1,0,2018,FALSE
420089318,22,13,17,15,20,24,14,35,1,3,1,2,1,5,0,2,5.22,Male,0,1,0,0,0,1,3,1,95,95,0,0,0,2018,FALSE
263871692,21,28,32,28,29,30,45,36,2,3,2,2,4,4,2,2,5.27,Female,1,0,0,0,0,0,3,3,101,101,2,1,1,2017,FALSE
758236944,16,21,26,25,29,29,59,35,3,4,1,2,1,2,2,2,5.67,Female,1,0,0,0,0,0,3,2,117,117,2,2,2,2017,FALSE
175201895,12,17,23,25,29,30,27,48,2,3,1,2,1,3,1,1,5.49,Male,1,0,0,0,0,0,4,4,105,105,1,1,1,2020,FALSE
924859376,21,24,29,31,32,30,59,49,3,2,1,2,2,4,3,4,5.58,Male,1,0,0,0,0,0,1,1,113,113,2,2,2,2020,FALSE
481290361,15,21,29,28,26,30,29,37,2,4,1,2,2,2,2,2,5.50,Female,1,0,0,0,0,0,2,2,95,95,2,2,2,2017,FALSE
596617286,10,11,18,22,22,24,15,33,1,1,1,2,0,2,0,2,5.31,Male,0,1,0,0,0,1,1,1,114,114,1,1,1,2020,FALSE
547750453,12,21,25,28,30,30,22,26,0,5,2,2,2,4,1,4,5.69,Male,1,0,0,0,0,0,2,2,101,101,2,0,1,2016,FALSE
146838044,16,23,22,22,25,27,33,33,1,3,0,2,1,1,2,2,5.50,Male,0,1,0,0,0,0,3,3,102,102,2,0,2,2018,FALSE
258935452,20,29,29,27,31,29,32,32,3,3,1,2,1,2,0,2,5.16,Male,0,0,0,0,1,0,1,1,101,101,1,0,0,2016,FALSE
153175084,11,18,22,20,29,31,21,39,2,4,2,2,1,2,2,2,5.78,Male,1,0,0,0,0,0,3,3,101,101,2,1,1,2020,FALSE
881827574,18,16,21,21,22,26,23,36,2,5,1,3,2,2,0,1,5.40,Male,1,0,0,0,0,0,4,1,120,120,2,2,1,2017,FALSE
614630031,9,14,21,23,26,29,14,15,0,3,1,2,1,2,0,2,5.31,Male,0,1,0,0,0,1,2,2,108,108,2,0,1,2020,TRUE
956793296,6,7,20,21,29,29,24,31,2,4,2,2,1,4,2,2,5.15,Male,0,1,0,0,0,0,3,3,102,97,2,2,1,2021,FALSE
830271825,7,12,17,19,19,24,17,30,1,2,1,1,1,0,1,1,5.34,Male,1,0,0,0,0,0,6,3,95,95,0,0,0,2017,FALSE
452308309,13,12,14,12,13,18,7,14,2,2,1,1,1,1,1,1,4.93,Female,0,1,0,0,0,0,1,1,109,109,2,1,1,2020,TRUE
485657610,4,11,18,19,24,29,30,38,1,4,1,2,3,2,2,1,6.02,Male,1,0,0,0,0,0,4,2,114,114,2,1,0,2017,FALSE
941568807,7,11,17,22,25,24,7,14,1,3,0,2,1,2,0,2,4.95,Female,0,1,0,0,0,0,2,2,97,97,0,0,0,2016,FALSE
561282770,16,27,28,31,29,32,53,41,2,3,2,2,2,2,1,3,5.63,Female,0,0,1,0,0,1,2,1,114,114,2,1,1,2020,FALSE
731498881,34,32,28,31,27,26,40,35,2,2,1,2,1,0,2,2,4.96,Male,1,0,0,0,0,0,2,2,95,95,2,2,1,2017,FALSE
298744939,13,19,20,24,31,30,24,38,2,4,2,3,3,5,2,2,5.89,Female,1,0,0,0,0,0,1,1,104,104,2,0,1,2020,FALSE
852074843,6,23,26,31,32,30,13,35,0,3,1,2,1,3,1,2,5.02,Male,1,0,0,0,0,0,2,1,116,116,2,1,2,2018,FALSE
215557975,13,14,23,21,26,30,26,30,2,2,1,2,2,2,2,3,5.19,Female,1,0,0,0,0,0,2,2,114,114,0,0,0,2018,FALSE
576265297,14,15,25,23,31,29,28,41,1,3,1,2,2,3,2,2,5.36,Male,0,0,1,0,0,0,2,1,116,116,2,1,0,2020,FALSE
730890540,22,24,31,27,27,27,30,37,3,3,1,2,2,2,2,2,5.81,Female,1,0,0,0,0,0,3,2,95,95,2,0,1,2018,FALSE
798708888,3,4,17,12,20,25,17,29,0,5,1,3,0,3,1,3,4.86,Female,0,1,0,0,0,0,3,3,98,98,2,1,2,2021,TRUE
871445669,15,17,22,24,25,29,46,37,2,2,1,1,2,2,2,2,5.46,Female,1,0,0,0,0,0,3,3,94,94,1,1,0,2020,FALSE
864595942,13,13,23,28,26,24,26,34,2,2,1,1,1,1,1,1,4.69,Female,1,0,0,0,0,0,3,2,95,95,2,1,1,2017,FALSE
681537822,8,16,17,22,27,27,6,26,2,4,1,1,2,2,2,1,5.48,Male,0,0,1,0,0,0,5,2,114,114,2,0,0,2018,FALSE
317128602,8,12,20,22,25,28,20,32,1,3,1,1,2,2,2,1,4.99,Male,1,0,0,0,0,0,2,2,115,115,2,1,0,2018,FALSE
720181422,3,12,18,18,25,27,11,31,1,2,1,1,2,2,0,2,5.42,Female,0,1,0,0,0,0,1,1,97,97,0,0,0,2016,FALSE
173345741,23,25,27,24,27,29,33,30,3,3,2,2,2,3,2,3,4.98,Male,1,0,0,0,0,0,3,2,97,97,2,0,1,2017,FALSE
939213848,6,9,21,19,22,27,11,28,2,1,1,2,2,1,2,1,4.99,Male,1,0,0,0,0,0,4,4,94,94,1,1,1,2018,TRUE
776529698,5,11,22,26,31,31,18,31,2,3,0,1,2,0,2,0,5.15,Male,1,0,0,0,0,0,3,1,114,104,2,1,1,2021,FALSE
713480701,10,14,20,18,21,26,23,37,2,1,1,2,1,1,2,2,5.53,Female,1,0,0,0,0,0,4,3,105,105,2,0,0,2020,FALSE
917406963,8,8,17,14,23,27,13,27,2,3,1,1,1,2,2,2,5.31,Male,1,0,0,0,0,0,1,1,88,88,0,0,0,2017,FALSE
729017720,4,9,16,14,18,23,7,18,1,2,0,1,1,3,0,2,5.39,Male,1,0,0,0,0,0,2,2,96,96,0,0,0,2017,TRUE
959079517,17,18,21,26,30,29,37,36,1,2,1,1,1,2,2,2,5.33,Female,1,0,0,0,0,0,3,3,104,98,2,0,1,2021,FALSE
423051158,11,12,16,21,21,26,14,35,2,2,1,1,0,2,1,1,5.48,Female,1,0,0,0,0,0,2,2,98,98,0,0,0,2017,TRUE
390347624,6,9,17,21,26,29,17,21,0,2,1,2,0,2,1,2,5.19,Female,0,0,1,0,0,0,2,1,98,98,1,1,0,2018,FALSE
757358678,10,14,19,25,31,28,16,33,0,4,1,2,3,2,2,2,5.51,Male,1,0,0,0,0,0,2,1,91,89,1,1,1,2021,TRUE
278395301,14,17,25,25,25,28,16,31,2,2,1,2,1,2,0,2,5.12,Female,1,0,0,0,0,0,2,2,103,103,2,0,0,2020,FALSE
638476358,10,17,23,23,26,28,13,39,0,1,1,1,1,1,0,2,4.59,Male,0,1,0,0,0,0,3,2,104,104,2,1,0,2020,TRUE
887007879,10,13,19,15,23,27,10,35,2,2,1,2,2,2,0,1,5.01,Male,0,1,0,0,0,0,1,1,110,110,1,0,0,2018,TRUE
465018494,16,22,28,29,28,29,18,30,4,4,1,2,2,1,2,2,5.94,Female,1,0,0,0,0,0,1,1,114,114,1,1,1,2018,FALSE
186993150,14,18,23,24,27,28,37,39,1,2,1,2,1,1,2,0,5.41,Female,1,0,0,0,0,0,2,2,98,98,2,1,1,2017,FALSE
569934079,1,17,17,18,17,20,24,10,1,2,1,1,2,1,2,1,5.40,Female,0,1,0,0,0,0,3,3,95,95,2,1,0,2018,TRUE
276776546,24,28,30,29,26,31,34,42,3,5,1,3,1,4,2,2,5.94,Male,1,0,0,0,0,0,2,1,95,95,2,2,1,2020,FALSE
824867865,21,22,28,25,31,31,38,45,1,3,1,2,1,1,0,2,5.37,Female,1,0,0,0,0,0,2,1,109,109,1,2,0,2020,FALSE
300758524,3,13,13,11,16,19,3,15,1,1,0,1,0,0,0,0,5.59,Male,0,1,0,0,0,0,1,1,95,95,0,0,0,2018,TRUE
747424210,12,10,22,24,30,28,21,37,1,1,0,2,1,3,1,2,4.87,Male,0,1,0,0,0,0,2,2,116,104,2,2,1,2021,FALSE
649006922,3,19,18,21,25,25,18,25,1,3,0,1,1,2,0,2,4.81,Female,1,0,0,0,0,0,2,1,78,78,0,0,0,2020,TRUE
159580333,13,18,24,27,28,29,21,26,2,3,1,2,1,2,2,2,5.19,Female,1,0,0,0,0,0,4,4,116,116,2,0,1,2020,FALSE
699822507,8,14,17,20,24,24,30,43,2,3,1,2,2,2,1,2,5.51,Female,1,0,0,0,0,0,4,3,92,87,2,0,0,2021,FALSE
227536339,3,6,13,14,16,15,18,26,2,1,1,1,1,1,0,0,5.44,Female,1,0,0,0,0,0,2,2,101,101,1,0,0,2016,TRUE
688632732,12,15,20,23,25,30,17,32,2,4,1,2,2,2,2,2,5.61,Male,1,0,0,0,0,0,2,2,114,114,1,1,0,2018,FALSE
203763861,21,26,29,29,28,28,32,35,3,4,2,2,3,2,2,4,5.12,Female,1,0,0,0,0,0,3,2,101,101,2,2,1,2016,FALSE
525130568,6,9,17,15,21,22,3,-2,1,2,1,1,1,1,1,2,4.50,Male,0,1,0,0,0,0,3,3,92,87,2,1,0,2021,TRUE
262307425,6,10,16,18,20,25,28,8,1,2,1,1,1,2,0,0,5.33,Female,1,0,0,0,0,0,2,1,97,97,0,0,0,2018,FALSE
242133530,16,13,22,19,27,27,16,34,1,1,1,1,1,0,1,0,5.48,Female,0,0,0,0,1,1,2,1,103,103,2,0,1,2018,FALSE
432678632,16,17,24,29,30,31,17,16,2,2,0,2,1,3,1,3,5.27,Female,1,0,0,0,0,0,3,2,94,94,1,0,0,2018,FALSE
999569637,9,11,17,14,16,23,13,19,2,3,1,2,2,2,1,2,5.22,Male,0,1,0,0,0,1,2,1,95,95,1,0,0,2020,TRUE
642157983,8,11,18,15,20,24,10,13,2,1,0,1,3,2,0,2,5.65,Male,0,1,0,0,0,1,2,2,95,95,2,0,0,2018,TRUE
111324244,9,14,18,19,18,25,12,27,1,3,1,1,0,2,1,2,5.59,Female,1,0,0,0,0,0,4,1,93,93,2,1,0,2020,TRUE
373252643,12,13,18,21,19,23,12,25,2,4,1,2,2,2,2,2,5.11,Male,1,0,0,0,0,0,2,1,120,120,2,2,1,2018,FALSE
867402826,11,15,20,25,27,29,33,32,1,3,1,2,0,1,0,0,5.26,Female,1,0,0,0,0,0,2,1,116,116,1,1,0,2017,FALSE
724291653,12,18,21,20,25,26,3,32,2,4,1,2,0,1,0,2,5.18,Female,1,0,0,0,0,0,3,1,103,103,2,2,1,2018,FALSE
453568292,7,14,24,28,28,28,10,29,1,2,1,1,1,2,1,1,5.28,Female,1,0,0,0,0,0,2,2,114,114,2,0,1,2016,FALSE
226786631,12,18,28,28,30,28,32,29,3,3,1,2,1,2,0,1,5.21,Female,1,0,0,0,0,0,1,1,114,114,2,0,2,2016,FALSE
602909571,14,15,21,23,26,27,13,32,1,3,1,2,0,2,0,2,5.52,Female,1,0,0,0,0,0,2,2,110,110,2,0,1,2018,FALSE
250257628,12,13,19,22,24,25,17,25,2,4,1,2,1,2,2,2,5.02,Male,0,1,0,0,0,0,3,2,114,102,2,0,0,2021,FALSE
187187651,26,29,29,30,31,32,29,36,4,4,1,2,2,4,2,2,5.84,Male,1,0,0,0,0,0,3,1,114,114,2,2,2,2018,FALSE
855126284,10,14,21,19,24,28,15,29,1,3,1,2,1,3,0,1,4.66,Male,1,0,0,0,0,0,1,1,112,112,2,2,2,2018,FALSE
755457064,12,13,21,19,23,30,27,32,1,5,1,2,2,2,2,1,5.60,Female,1,0,0,0,0,0,4,3,102,102,1,0,0,2017,FALSE
654183150,-3,5,16,16,17,19,5,10,1,4,0,1,0,1,0,2,4.75,Male,1,0,0,0,0,0,2,1,97,97,2,1,1,2018,TRUE
287269186,15,19,24,23,28,25,21,44,2,4,1,2,1,2,2,3,5.42,Female,1,0,0,0,0,0,2,1,107,96,2,2,2,2021,FALSE
754883166,0,9,16,14,21,26,12,23,2,4,1,2,2,3,2,3,5.70,Male,0,1,0,0,0,1,2,1,94,94,1,0,1,2018,TRUE
781834886,10,7,20,18,19,18,9,27,2,1,1,1,0,1,0,1,5.91,Male,1,0,0,0,0,0,2,2,97,97,0,0,0,2020,FALSE
743559545,18,17,24,26,28,30,13,31,2,5,1,4,4,5,2,4,6.00,Male,1,0,0,0,0,0,1,1,120,120,2,2,2,2017,FALSE
572170303,14,19,22,24,32,31,17,29,2,4,1,2,1,2,2,3,5.01,Male,1,0,0,0,0,0,3,1,97,97,2,2,0,2017,FALSE
373989758,14,17,24,30,32,30,17,37,3,4,1,2,2,2,2,2,4.70,Male,1,0,0,0,0,0,1,1,97,97,1,0,0,2016,FALSE
400391243,5,11,17,17,17,22,21,22,1,2,1,1,2,1,0,2,5.73,Female,1,0,0,0,0,0,2,2,112,112,2,2,2,2020,FALSE
836293168,10,15,22,31,29,29,51,41,1,2,1,2,0,1,0,0,5.14,Female,1,0,0,0,0,0,2,1,114,114,2,2,2,2016,FALSE
482464253,8,12,18,22,26,31,23,22,1,2,1,1,1,2,2,2,5.45,Female,1,0,0,0,0,0,1,1,107,96,2,1,0,2021,TRUE
439692119,13,16,20,22,25,24,17,26,2,3,1,2,2,3,0,2,5.28,Female,1,0,0,0,0,0,1,1,97,97,0,0,0,2017,FALSE
865170218,15,21,26,30,31,31,21,24,1,4,1,2,1,2,2,2,5.67,Male,1,0,0,0,0,0,1,1,114,114,2,0,0,2020,FALSE
818738394,12,14,21,22,25,30,40,43,1,4,1,3,1,2,0,2,5.65,Female,1,0,0,0,0,0,3,3,114,114,1,1,1,2020,FALSE
249450253,2,11,18,19,19,20,9,20,1,3,1,1,1,1,0,2,5.62,Female,0,0,1,0,0,1,6,4,95,95,0,0,0,2020,FALSE
378534902,12,15,30,25,25,32,21,28,0,1,1,2,2,3,0,2,4.52,Female,1,0,0,0,0,0,2,2,104,104,1,0,1,2018,FALSE
255291958,11,7,15,17,21,28,25,35,1,1,1,1,3,0,2,1,4.90,Female,0,0,0,0,1,0,3,1,97,97,2,0,0,2017,FALSE
515829140,13,14,20,23,26,28,8,46,2,2,1,2,2,2,1,2,5.47,Male,0,1,0,0,0,0,2,2,112,112,2,1,1,2020,FALSE
270341050,18,22,25,17,26,30,13,32,3,4,1,2,3,2,0,3,5.41,Male,1,0,0,0,0,0,3,3,95,105,2,1,2,2018,FALSE
795469984,10,13,26,20,25,30,11,26,1,3,0,2,2,2,1,0,5.32,Male,0,1,0,0,0,0,2,1,97,97,2,0,0,2017,TRUE
950396591,14,19,21,22,23,28,19,42,2,2,1,1,1,2,1,2,5.67,Female,0,1,0,0,0,0,2,1,117,108,2,2,2,2021,FALSE
521533414,6,10,18,18,20,24,9,30,2,4,1,2,2,2,0,1,4.88,Male,1,0,0,0,0,0,3,3,97,97,0,0,0,2018,TRUE
349034954,8,12,22,21,23,25,30,32,1,2,1,1,1,1,1,2,5.31,Female,1,0,0,0,0,0,2,2,95,95,2,0,2,2018,FALSE
256280357,13,20,24,24,27,29,23,31,2,3,1,2,2,2,2,0,5.66,Male,1,0,0,0,0,0,2,1,95,95,2,2,0,2018,FALSE
330863331,13,18,24,21,25,29,21,30,1,2,1,1,1,0,1,0,4.92,Female,1,0,0,0,0,0,2,1,116,116,1,1,0,2017,FALSE
722136310,5,14,19,22,20,24,13,17,1,1,1,0,0,2,0,2,5.29,Male,0,1,0,0,0,0,1,1,104,104,0,0,0,2017,FALSE
322880204,10,15,22,17,19,24,12,33,1,2,1,2,1,2,1,2,5.04,Female,0,1,0,0,0,0,2,2,90,90,1,0,0,2017,FALSE
998791626,11,11,16,22,22,30,13,15,2,4,1,2,2,4,1,2,4.53,Male,1,0,0,0,0,0,2,2,94,94,2,2,2,2018,FALSE
637785018,13,19,26,28,31,30,23,39,1,2,1,2,1,2,0,2,5.67,Female,1,0,0,0,0,0,1,1,114,114,2,0,0,2020,FALSE
306163305,6,13,23,26,32,30,8,31,1,3,1,2,2,2,1,1,4.98,Male,1,0,0,0,0,0,3,2,114,114,2,1,2,2016,FALSE
932675853,13,21,25,26,26,29,11,42,2,2,0,1,1,2,1,1,5.26,Male,1,0,0,0,0,0,1,1,105,105,0,0,0,2020,FALSE
241042621,15,24,31,31,29,30,27,48,3,5,2,2,2,4,2,3,5.85,Male,1,0,0,0,0,0,2,2,105,105,0,0,0,2020,FALSE
665548067,13,17,19,21,26,27,15,33,0,2,0,1,1,2,0,1,5.04,Female,1,0,0,0,0,0,3,2,88,88,2,0,0,2017,TRUE
257746772,10,16,27,30,29,28,31,27,4,5,2,3,4,4,0,3,5.56,Female,1,0,0,0,0,0,2,2,101,101,2,1,1,2016,FALSE
455245902,5,9,19,16,18,23,16,28,1,2,1,2,1,2,1,0,4.95,Female,1,0,0,0,0,0,2,2,99,99,0,0,0,2020,FALSE
515093333,15,18,24,17,24,25,14,23,2,2,1,1,1,1,0,2,5.79,Male,0,1,0,0,0,1,2,1,109,109,2,2,2,2018,FALSE
143967182,15,18,26,24,29,29,45,35,2,4,1,2,2,3,1,1,4.98,Male,1,0,0,0,0,0,3,2,114,114,2,1,2,2016,FALSE
721078274,7,15,14,14,14,23,7,34,2,3,1,2,2,2,1,2,5.24,Male,0,1,0,0,0,0,3,2,95,95,2,0,0,2020,TRUE
254515349,15,15,18,18,25,31,24,36,4,4,2,2,1,2,2,2,5.98,Male,0,0,1,0,0,0,3,3,117,108,2,1,2,2021,FALSE
852232790,15,16,21,23,25,26,21,35,1,1,1,1,1,2,1,2,5.13,Female,1,0,0,0,0,0,3,1,113,113,2,2,2,2020,FALSE
773119125,7,11,16,17,20,29,26,25,1,3,1,3,3,2,0,2,5.20,Male,1,0,0,0,0,0,1,1,94,94,2,0,1,2020,FALSE
202466060,29,25,30,31,31,32,54,51,2,4,1,2,2,2,2,3,5.04,Female,1,0,0,0,0,0,1,1,95,95,0,0,0,2020,FALSE
251703839,12,11,17,19,20,27,11,26,2,2,1,2,2,4,1,2,5.36,Male,1,0,0,0,0,0,2,2,94,94,0,0,0,2018,FALSE
455582231,23,25,28,33,32,30,41,46,1,3,1,1,1,1,2,2,5.33,Female,1,0,0,0,0,0,2,2,109,109,2,0,0,2020,FALSE
446081452,8,15,20,23,24,26,35,53,2,2,1,2,2,2,2,2,5.29,Female,1,0,0,0,0,0,3,3,120,109,2,2,2,2021,FALSE
791634532,15,15,20,23,26,27,20,30,4,5,1,2,2,3,2,2,4.99,Male,1,0,0,0,0,0,2,1,109,109,0,0,0,2018,FALSE
966387443,1,10,27,19,25,26,29,37,2,2,2,1,2,2,1,2,5.73,Female,0,1,0,0,0,1,1,1,99,94,2,0,0,2021,FALSE
582683413,8,14,19,19,25,28,25,33,2,3,1,1,1,1,0,2,5.76,Male,1,0,0,0,0,0,2,1,112,112,2,2,2,2018,FALSE
639913645,5,5,18,16,15,20,12,19,2,2,1,4,1,2,2,4,5.62,Male,0,1,0,0,0,0,2,2,95,95,2,2,1,2017,FALSE
798464999,27,28,33,30,31,30,57,39,3,3,2,2,2,2,2,2,5.84,Female,1,0,0,0,0,0,2,2,101,101,2,2,2,2017,FALSE
924959426,9,17,23,22,21,27,27,44,2,3,1,2,1,2,2,2,5.43,Female,1,0,0,0,0,0,2,1,94,94,2,2,0,2020,FALSE
787062411,11,16,20,23,26,31,46,34,4,4,1,2,2,4,2,2,5.84,Female,1,0,0,0,0,0,1,1,97,97,1,0,0,2017,FALSE
742475416,1,10,15,11,15,22,5,5,1,3,1,1,0,2,0,2,5.38,Male,0,1,0,0,0,1,3,2,95,95,1,0,0,2018,TRUE
578999051,11,11,17,26,26,29,11,19,1,3,1,2,1,2,0,2,5.83,Male,0,1,0,0,0,0,2,2,116,116,2,0,0,2017,FALSE
344745128,6,9,19,16,16,22,22,30,2,2,1,2,1,2,2,1,5.86,Male,0,1,0,0,0,0,3,1,112,112,2,2,1,2020,FALSE
239395299,21,21,23,24,28,29,32,32,3,3,1,2,1,2,2,1,5.10,Male,1,0,0,0,0,0,3,3,95,95,2,1,1,2018,FALSE
235888416,9,17,22,17,27,29,24,28,2,1,0,0,2,2,0,0,5.24,Female,0,1,0,0,0,1,4,2,95,95,2,0,0,2018,FALSE
552526541,3,8,12,15,13,14,9,19,0,2,1,1,1,1,0,2,4.78,Male,0,1,0,0,0,1,3,1,101,96,0,0,0,2021,FALSE
412586446,14,19,22,21,25,26,16,37,4,5,2,2,3,6,2,4,5.14,Male,0,0,0,0,1,0,3,1,95,95,2,2,2,2020,FALSE
784706709,28,28,31,33,31,31,43,47,2,4,1,2,4,2,2,2,5.02,Female,1,0,0,0,0,0,2,2,105,105,2,2,2,2020,FALSE
768144800,15,25,27,30,30,27,13,40,3,3,0,2,1,4,1,2,4.95,Female,0,1,0,0,0,0,1,1,95,92,2,2,0,2021,FALSE
279083558,12,20,25,20,24,29,19,41,2,4,2,2,2,2,2,2,5.76,Male,1,0,0,0,0,0,1,1,96,96,2,1,1,2020,TRUE
755889420,16,20,27,29,32,29,41,37,2,5,1,2,2,2,0,2,5.43,Male,1,0,0,0,0,0,1,1,101,101,0,0,0,2016,FALSE
991084796,10,16,22,21,25,28,14,35,3,4,2,2,2,3,0,0,5.27,Male,1,0,0,0,0,0,3,2,101,101,2,0,2,2016,FALSE
341113661,16,18,25,25,30,32,20,49,4,5,2,2,2,4,2,2,5.49,Male,1,0,0,0,0,0,3,3,104,104,2,1,2,2020,FALSE
529582489,7,13,19,24,23,30,10,21,1,3,1,2,1,2,2,2,5.96,Male,0,1,0,0,0,1,1,1,108,108,2,1,1,2020,FALSE
871580596,11,25,27,29,28,29,24,41,2,4,1,2,2,4,2,2,5.41,Female,1,0,0,0,0,0,2,1,94,95,0,2,2,2020,FALSE
894185073,13,15,21,23,23,28,25,38,1,4,1,2,1,2,0,2,5.41,Female,0,0,1,0,0,0,1,1,120,120,2,2,2,2016,FALSE
423267523,12,16,26,23,31,32,21,37,1,3,1,1,2,2,2,2,5.74,Male,1,0,0,0,0,0,2,1,109,109,2,1,1,2020,FALSE
176353516,13,12,20,23,24,29,25,29,2,3,1,2,2,2,1,2,5.06,Female,1,0,0,0,0,0,3,2,120,120,2,2,2,2017,FALSE
343545885,21,15,24,24,29,32,20,46,3,3,1,3,0,4,0,2,5.16,Male,1,0,0,0,0,0,2,2,105,105,2,2,2,2020,FALSE
900959047,17,17,19,20,26,27,24,33,1,3,1,2,0,2,0,2,5.72,Male,1,0,0,0,0,0,2,2,114,114,1,0,0,2020,FALSE
815619959,6,14,22,22,24,28,20,38,1,1,1,2,1,2,0,2,5.04,Female,0,0,1,0,0,0,3,3,102,102,2,1,0,2016,FALSE
748952450,20,26,29,30,31,29,25,46,2,2,1,1,1,2,1,2,5.62,Male,0,0,0,1,0,1,2,2,95,93,0,0,0,2021,FALSE
161011353,15,17,21,22,22,28,22,25,1,2,1,2,1,1,1,0,5.33,Female,1,0,0,0,0,0,2,2,103,103,2,2,1,2017,FALSE
991955026,11,19,23,30,30,30,17,25,2,3,1,1,1,1,1,1,4.87,Female,1,0,0,0,0,0,1,1,114,114,0,0,0,2018,FALSE
677824265,13,13,25,26,26,28,26,33,2,2,1,2,0,2,1,2,5.74,Male,1,0,0,0,0,0,3,2,104,98,2,1,1,2021,FALSE
761336337,8,14,20,14,21,23,12,35,2,2,1,1,2,1,1,0,6.06,Male,1,0,0,0,0,0,2,1,94,94,2,0,0,2017,TRUE
174414368,11,17,23,26,24,29,18,44,2,2,1,1,1,1,2,1,5.36,Female,1,0,0,0,0,0,2,1,104,104,2,2,1,2020,FALSE
426559385,9,11,19,21,26,27,37,46,2,2,1,1,2,3,2,2,5.37,Male,1,0,0,0,0,0,1,1,91,89,1,0,0,2021,FALSE
729024676,2,16,23,21,28,31,12,31,0,2,1,2,0,2,0,2,4.56,Male,1,0,0,0,0,0,3,3,102,115,2,2,2,2016,FALSE
217040312,8,14,20,17,21,27,17,16,1,2,1,1,0,2,0,2,5.34,Male,0,1,0,0,0,1,3,1,114,114,2,2,2,2018,FALSE
792768434,3,14,20,14,24,22,15,27,2,2,1,1,1,2,2,3,4.94,Male,0,1,0,0,0,0,2,2,103,103,1,1,1,2018,FALSE
231785628,8,9,19,21,21,31,27,48,1,4,1,2,2,2,0,2,5.42,Female,1,0,0,0,0,0,5,5,103,103,2,1,1,2020,FALSE
861133025,16,15,24,30,28,27,29,33,1,4,1,2,2,2,1,2,5.38,Male,1,0,0,0,0,0,4,3,95,95,1,0,0,2017,FALSE
943677744,9,12,18,17,23,24,10,26,2,3,1,2,2,3,2,2,5.32,Female,1,0,0,0,0,0,2,2,94,94,0,0,0,2017,TRUE
221610489,18,25,29,30,29,31,27,26,3,4,1,2,1,2,2,2,5.33,Male,1,0,0,0,0,0,4,3,101,101,2,2,2,2016,FALSE
486633764,19,28,28,30,28,28,30,37,1,4,1,2,1,2,2,2,5.14,Male,0,0,0,0,1,0,3,1,114,114,2,0,0,2018,FALSE
578860368,9,8,30,28,28,29,14,27,2,3,2,2,2,3,2,0,5.37,Male,1,0,0,0,0,0,3,3,99,94,2,1,2,2021,FALSE
386005033,13,18,21,25,26,24,39,35,1,4,1,2,4,4,1,3,5.58,Female,1,0,0,0,0,0,3,2,97,97,2,2,0,2020,FALSE
150187209,10,12,19,22,17,29,22,38,3,5,1,2,2,2,2,1,5.31,Female,1,0,0,0,0,0,2,1,105,105,2,2,2,2020,FALSE
250379053,6,14,23,23,22,26,22,28,2,3,1,2,1,2,2,2,5.73,Female,0,1,0,0,0,0,2,2,117,108,2,1,1,2021,FALSE
565635204,3,5,16,19,19,22,11,19,2,3,1,1,1,2,0,1,5.12,Male,0,1,0,0,0,1,1,1,95,95,2,1,1,2018,TRUE
951314877,15,21,24,28,27,28,39,39,4,4,1,2,1,2,2,0,5.33,Female,1,0,0,0,0,0,2,2,101,101,2,0,0,2020,FALSE
760868352,11,13,17,23,22,27,32,29,2,2,1,1,2,2,2,2,5.68,Female,1,0,0,0,0,0,1,1,103,103,1,0,0,2018,TRUE
915753415,20,20,26,27,29,31,23,38,3,4,1,2,1,4,0,2,5.19,Female,1,0,0,0,0,0,3,2,113,105,2,1,0,2021,FALSE
887691177,7,10,18,17,18,22,7,30,2,3,1,1,1,2,1,1,4.64,Male,0,1,0,0,0,1,2,1,95,95,2,0,0,2020,TRUE
348092577,4,13,16,14,15,20,13,19,2,3,1,2,1,2,1,1,5.15,Female,0,1,0,0,0,0,2,1,93,93,2,0,0,2018,TRUE
654059942,10,17,23,20,24,29,24,32,2,3,1,1,0,2,1,2,5.38,Female,1,0,0,0,0,0,3,1,114,114,2,2,1,2016,FALSE
685025633,5,15,21,17,18,22,6,21,2,3,0,2,0,3,0,1,5.67,Male,0,1,0,0,0,1,2,2,116,116,1,0,1,2018,TRUE
747259261,3,16,19,19,18,23,10,22,1,3,1,2,1,2,2,1,5.26,Male,1,0,0,0,0,0,2,2,98,98,0,0,0,2017,TRUE
580098953,10,18,22,23,25,30,39,39,2,2,1,2,3,2,2,1,5.11,Female,1,0,0,0,0,0,1,1,117,108,2,2,2,2021,FALSE
358332704,16,21,25,29,28,32,37,32,2,3,1,2,2,2,2,2,5.53,Female,1,0,0,0,0,0,2,2,94,94,2,1,2,2018,FALSE
642020187,15,13,26,31,31,30,39,36,4,4,2,2,1,5,0,3,5.61,Male,1,0,0,0,0,0,2,1,101,101,2,2,1,2016,FALSE
574803858,13,19,28,29,28,30,44,36,2,3,1,2,1,2,2,2,5.35,Male,1,0,0,0,0,0,3,2,114,114,2,1,2,2017,FALSE
503340032,10,13,21,16,23,21,35,41,2,2,1,1,1,2,1,2,5.19,Female,1,0,0,0,0,0,3,2,95,95,2,0,0,2017,FALSE
331109758,7,13,20,20,22,27,18,21,1,3,1,2,2,2,0,2,5.09,Female,1,0,0,0,0,0,3,2,108,108,1,1,1,2020,TRUE
889910011,4,9,19,21,21,23,15,31,1,2,1,1,1,2,0,2,4.93,Female,1,0,0,0,0,0,2,2,90,90,1,1,0,2018,TRUE
488057213,4,10,17,17,18,24,15,29,1,3,0,2,2,2,1,2,5.79,Male,1,0,0,0,0,0,2,2,120,120,0,0,0,2017,FALSE
486810109,16,17,22,22,25,30,23,33,2,3,1,1,2,2,1,2,5.32,Female,1,0,0,0,0,0,3,2,97,97,2,0,0,2017,FALSE
271260516,12,12,24,21,30,29,26,35,1,2,1,0,1,2,2,2,4.86,Male,1,0,0,0,0,0,1,1,92,92,1,1,1,2018,FALSE
973975884,7,7,17,19,23,29,18,21,2,2,0,2,0,2,1,2,5.38,Female,1,0,0,0,0,0,2,1,98,98,2,0,0,2020,TRUE
815188643,0,2,12,13,17,25,1,1,1,2,0,1,0,1,0,2,5.03,Male,0,1,0,0,0,1,5,2,89,89,2,0,0,2017,FALSE
786801213,9,12,21,25,28,30,34,34,1,3,1,1,1,2,2,2,4.76,Male,1,0,0,0,0,0,2,2,116,116,2,2,2,2017,FALSE
456430128,17,16,22,25,24,31,22,32,1,2,1,1,1,2,1,2,5.50,Female,1,0,0,0,0,0,2,1,109,109,2,1,1,2020,FALSE
971767166,14,14,20,20,23,28,34,33,1,3,1,2,1,2,0,2,4.96,Male,1,0,0,0,0,0,2,2,113,105,2,2,2,2021,FALSE
626358228,14,14,21,16,21,25,23,43,2,2,1,2,1,3,1,2,5.30,Female,1,0,0,0,0,0,2,1,104,104,2,2,1,2020,FALSE
147076071,8,14,20,25,21,29,27,43,1,4,1,3,1,5,0,2,5.35,Female,1,0,0,0,0,0,2,2,97,97,2,0,0,2020,FALSE
103246926,15,15,20,23,24,27,25,39,3,3,1,2,1,1,2,2,5.08,Male,0,1,0,0,0,0,3,3,97,97,2,1,0,2017,FALSE
931598165,6,13,18,20,22,25,10,40,3,3,2,2,2,3,0,2,5.91,Male,1,0,0,0,0,0,4,3,120,120,2,2,1,2020,FALSE
726171384,15,15,25,28,28,30,19,28,2,3,1,2,1,1,0,0,5.05,Male,0,1,0,0,0,0,5,5,112,112,1,1,0,2020,FALSE
851303972,11,17,20,19,25,27,24,28,2,2,1,1,2,2,0,2,5.62,Female,1,0,0,0,0,0,3,1,112,112,1,1,2,2018,FALSE
153266617,6,8,21,15,18,23,10,12,2,4,1,2,1,1,1,2,5.11,Male,0,1,0,0,0,1,3,2,99,99,2,1,1,2020,TRUE
930128084,15,21,21,24,25,25,5,34,2,3,1,2,2,3,1,2,5.44,Male,0,1,0,0,0,1,1,1,116,116,2,2,0,2020,FALSE
384265215,13,10,19,25,27,29,30,42,2,3,1,1,2,3,2,2,4.76,Female,1,0,0,0,0,0,2,2,95,92,2,2,1,2021,FALSE
378968155,11,17,19,18,20,23,17,35,2,3,1,2,0,1,2,2,4.75,Female,1,0,0,0,0,0,4,2,90,90,2,0,0,2017,FALSE
424826243,14,10,17,17,19,23,15,27,3,4,1,1,2,1,2,2,5.68,Female,1,0,0,0,0,0,3,1,120,120,1,0,1,2017,FALSE
994080823,9,10,20,17,20,24,31,27,1,2,1,2,0,0,2,1,6.04,Male,0,1,0,0,0,1,2,2,103,103,2,0,0,2018,TRUE
684770134,23,26,28,29,31,33,34,43,4,5,2,2,4,4,2,2,5.72,Male,1,0,0,0,0,0,3,2,114,114,2,2,0,2020,FALSE
950944598,9,14,22,23,23,30,25,45,2,3,1,1,1,1,1,2,5.41,Male,0,1,0,0,0,0,2,2,91,91,1,1,0,2020,FALSE
944378542,10,16,23,26,31,32,33,31,1,4,0,3,1,4,1,1,4.80,Female,1,0,0,0,0,0,2,1,102,102,2,2,2,2017,FALSE
877982108,21,25,26,25,28,28,42,37,3,4,1,2,2,4,2,1,5.75,Male,1,0,0,0,0,0,1,1,120,120,0,0,0,2017,FALSE
752039151,11,16,20,21,22,28,36,35,2,4,1,2,1,4,2,2,5.12,Male,1,0,0,0,0,0,3,2,113,113,2,2,1,2017,FALSE
835669957,3,6,16,11,21,24,14,23,0,3,0,1,0,1,1,2,5.02,Female,1,0,0,0,0,0,1,1,103,103,0,0,0,2018,FALSE
450758473,19,31,30,32,32,30,46,41,2,3,2,2,2,1,2,2,5.44,Female,1,0,0,0,0,0,3,2,101,101,1,0,1,2017,FALSE
871833889,7,14,21,26,26,29,32,29,2,3,1,2,2,1,2,2,4.76,Female,1,0,0,0,0,0,3,2,117,108,2,2,1,2021,FALSE
603766266,14,27,27,28,31,29,29,47,2,3,2,2,2,3,1,3,5.57,Female,1,0,0,0,0,0,2,1,99,99,2,1,0,2020,FALSE
936467387,3,12,14,13,14,21,10,29,1,1,1,1,0,2,0,2,5.44,Male,1,0,0,0,0,0,2,1,97,97,0,0,0,2017,FALSE
801555982,6,10,22,20,23,27,9,22,2,2,1,2,1,1,1,1,5.25,Female,1,0,0,0,0,0,4,3,95,95,0,0,0,2018,FALSE
760468587,8,12,17,19,23,29,23,31,2,2,1,2,2,3,2,0,5.58,Female,0,0,0,0,1,1,4,2,110,110,2,2,1,2020,FALSE
596847607,11,18,24,24,24,29,32,30,1,5,1,3,2,2,1,2,5.72,Male,1,0,0,0,0,0,2,2,102,102,2,1,1,2016,FALSE
688282117,12,12,25,23,23,30,16,34,0,2,0,1,0,3,1,2,5.39,Male,0,1,0,0,0,0,2,2,104,104,2,1,0,2020,FALSE
930821545,15,19,22,24,30,31,13,35,2,3,2,2,2,3,2,2,4.73,Male,1,0,0,0,0,0,2,1,114,114,2,2,1,2016,FALSE
288438282,10,17,22,25,25,31,14,33,1,2,0,2,1,2,0,0,4.88,Male,1,0,0,0,0,0,1,1,114,114,2,2,2,2018,FALSE
796039470,9,12,14,15,20,23,17,31,2,2,1,2,2,3,0,2,5.67,Male,1,0,0,0,0,0,3,2,120,120,2,2,2,2018,FALSE
232573114,8,11,18,17,19,22,16,22,2,1,1,1,2,2,1,1,5.65,Female,0,1,0,0,0,1,2,2,97,97,1,0,0,2017,TRUE
632405751,8,11,22,16,20,26,15,27,1,2,1,1,1,2,1,2,4.64,Female,1,0,0,0,0,0,2,2,95,95,2,1,0,2017,FALSE
341551995,11,13,20,23,27,28,13,27,3,4,1,2,2,3,2,2,5.08,Male,0,0,0,0,1,1,1,1,90,90,0,0,0,2017,FALSE
770642607,7,10,17,17,22,23,41,38,2,3,1,1,2,2,2,3,5.28,Male,1,0,0,0,0,0,3,2,90,90,2,2,2,2018,FALSE
261429879,17,21,24,27,28,30,36,31,2,3,1,2,2,3,1,2,4.81,Male,1,0,0,0,0,0,2,1,120,120,1,1,0,2016,FALSE
785244397,12,18,24,26,31,29,20,36,1,2,1,1,1,3,2,2,5.18,Female,1,0,0,0,0,0,3,3,97,97,2,2,2,2016,FALSE
203281201,6,16,23,16,18,24,30,37,2,2,1,1,1,2,1,2,5.33,Female,0,1,0,0,0,0,2,2,101,101,2,0,0,2020,FALSE
859584381,1,10,14,16,16,31,6,10,0,3,1,2,1,4,0,2,5.83,Male,0,1,0,0,0,0,1,1,116,116,0,0,0,2017,FALSE
764595430,8,19,19,25,28,31,12,27,2,2,1,1,0,1,0,1,5.12,Female,0,1,0,0,0,0,2,1,116,116,1,1,1,2017,FALSE
968537716,7,12,19,20,26,29,11,30,2,2,1,2,1,2,2,2,5.58,Female,1,0,0,0,0,0,2,1,113,113,2,0,1,2018,FALSE
125378358,16,13,20,19,22,23,19,33,1,2,1,1,1,2,1,2,5.82,Female,1,0,0,0,0,0,2,2,120,120,0,0,0,2017,TRUE
634128349,7,10,17,16,19,20,18,24,1,1,1,1,1,1,2,2,4.88,Female,1,0,0,0,0,0,2,2,103,103,2,1,2,2018,TRUE
396615185,9,12,17,21,24,26,26,32,2,4,2,2,2,4,1,1,5.76,Male,1,0,0,0,0,0,1,1,98,98,2,0,0,2021,FALSE
403045431,5,15,19,19,20,25,11,17,1,3,1,1,0,1,1,1,5.07,Male,1,0,0,0,0,0,3,3,95,92,2,0,1,2021,FALSE
730417747,17,18,23,23,31,30,15,32,1,3,1,2,1,0,1,2,5.03,Female,0,1,0,0,0,1,3,2,114,114,2,1,0,2020,FALSE
844886819,17,31,25,25,28,29,36,41,2,4,1,2,1,2,1,2,5.30,Female,1,0,0,0,0,0,3,1,114,114,2,0,2,2017,FALSE
433664770,4,8,19,22,26,28,20,25,1,1,1,2,0,1,0,2,4.74,Male,1,0,0,0,0,0,2,2,95,95,0,0,0,2018,FALSE
995547036,8,13,15,23,17,23,14,21,1,2,0,1,0,2,1,0,5.45,Female,0,1,0,0,0,0,4,2,95,95,1,0,0,2018,TRUE
438343537,8,18,23,26,29,29,33,30,2,4,0,3,0,2,0,2,5.01,Male,1,0,0,0,0,0,2,1,102,102,2,2,1,2016,FALSE
808958459,13,19,25,25,29,30,20,30,2,1,1,1,2,0,2,1,5.31,Female,1,0,0,0,0,0,2,1,101,101,0,0,0,2016,FALSE
793586849,11,13,20,14,20,23,7,22,1,2,1,2,1,1,1,0,5.06,Female,1,0,0,0,0,0,2,1,94,94,2,1,1,2018,TRUE
206028271,4,13,22,16,20,24,14,34,1,2,1,1,1,1,1,1,6.06,Male,0,1,0,0,0,1,3,1,114,114,2,2,1,2020,TRUE
332617612,5,16,20,26,27,31,29,30,1,3,1,2,1,2,1,2,5.60,Female,1,0,0,0,0,0,2,2,116,116,2,2,1,2018,FALSE
749504658,18,20,25,27,28,26,23,40,2,2,1,2,2,2,1,2,5.48,Male,1,0,0,0,0,0,1,1,109,109,2,1,1,2020,FALSE
291747488,3,13,22,23,24,26,21,32,3,2,1,1,1,2,2,0,5.67,Male,1,0,0,0,0,0,2,2,117,117,0,0,0,2018,FALSE
411903879,10,9,18,19,19,27,19,25,2,2,1,1,0,1,0,1,4.71,Female,0,1,0,0,0,1,2,2,89,89,1,0,0,2017,FALSE
628715904,10,15,18,20,24,27,12,23,1,1,1,2,1,3,0,2,5.71,Male,1,0,0,0,0,0,3,3,95,95,2,1,2,2017,FALSE
783995136,4,10,18,23,26,29,10,36,1,2,0,1,1,2,1,2,4.62,Female,1,0,0,0,0,0,3,2,116,116,0,2,2,2017,FALSE
695439405,4,4,13,16,12,14,9,13,1,1,0,1,1,0,0,2,5.86,Male,1,0,0,0,0,0,2,2,97,97,0,0,0,2017,TRUE
944345192,12,14,28,28,29,29,20,45,2,4,1,1,1,2,1,3,5.20,Female,1,0,0,0,0,0,2,2,103,99,0,0,0,2021,FALSE
119926362,8,13,17,19,20,19,28,35,1,2,1,2,1,2,1,2,5.39,Male,1,0,0,0,0,0,2,2,91,89,2,0,0,2021,TRUE
668613278,6,17,21,25,28,27,22,27,1,1,1,2,1,2,0,1,5.73,Female,1,0,0,0,0,0,5,5,116,116,2,0,0,2020,FALSE
616883160,6,5,17,13,15,16,11,28,1,1,1,1,1,2,1,0,5.02,Male,1,0,0,0,0,0,3,1,97,97,1,0,0,2017,TRUE
879138135,5,10,16,20,23,29,17,27,2,2,1,2,2,3,1,2,5.40,Male,1,0,0,0,0,0,2,1,98,98,2,1,2,2020,TRUE
274134719,5,16,20,22,26,28,5,18,3,2,1,2,1,4,1,2,5.05,Male,1,0,0,0,0,0,2,2,94,94,2,2,0,2020,FALSE
834048825,5,9,13,11,15,18,7,24,1,2,0,1,0,1,0,0,5.33,Female,0,1,0,0,0,0,2,2,88,88,1,0,0,2018,TRUE
178160609,7,8,17,16,23,24,17,33,2,4,0,1,1,2,0,2,5.26,Female,1,0,0,0,0,0,4,4,78,78,1,0,0,2021,TRUE
607466267,15,18,26,19,25,26,21,32,2,5,1,2,2,3,2,2,5.89,Male,1,0,0,0,0,0,1,1,115,115,2,2,2,2017,FALSE
378644516,3,13,15,10,17,21,4,24,1,2,0,1,1,1,1,1,4.95,Female,0,1,0,0,0,1,4,3,95,95,0,0,0,2018,TRUE
156245162,16,19,22,21,28,30,23,33,2,5,1,2,2,4,2,2,5.68,Male,1,0,0,0,0,0,3,1,98,98,2,2,2,2017,FALSE
549235685,11,9,19,21,25,27,21,24,1,2,1,2,0,2,2,2,5.44,Female,0,0,0,0,1,0,2,1,114,114,2,0,0,2017,TRUE
408392345,12,16,17,20,23,23,15,26,1,2,0,2,1,1,0,2,5.39,Male,0,0,0,0,1,0,1,1,103,103,0,0,0,2017,FALSE
456256933,7,12,19,18,22,27,20,29,2,2,1,1,1,1,1,2,5.18,Male,1,0,0,0,0,0,1,1,120,109,1,1,0,2021,FALSE
869142368,19,28,30,29,30,33,30,31,1,4,2,2,2,2,1,3,5.03,Male,1,0,0,0,0,0,3,1,114,114,2,2,1,2018,FALSE
745211080,3,13,21,17,22,25,6,10,1,2,1,1,1,2,1,2,5.16,Female,1,0,0,0,0,0,2,1,95,95,2,1,0,2018,TRUE
288193324,5,13,19,20,22,27,11,15,2,2,1,1,1,0,2,2,5.13,Female,1,0,0,0,0,0,2,1,105,105,1,0,0,2018,FALSE
787861138,7,14,23,24,25,28,24,33,3,2,0,1,1,1,0,1,5.66,Male,0,1,0,0,0,0,3,1,101,101,1,1,0,2020,FALSE
820205367,7,14,18,17,17,24,6,22,1,3,1,0,0,2,2,1,5.49,Male,1,0,0,0,0,0,4,4,98,98,2,0,0,2017,TRUE
139140575,1,15,18,15,21,27,12,28,1,2,1,1,1,1,2,0,5.07,Female,1,0,0,0,0,0,2,2,96,96,2,1,1,2017,FALSE
647258738,12,18,23,30,28,33,14,44,2,3,1,2,1,3,0,2,5.25,Female,1,0,0,0,0,0,2,2,114,114,2,0,0,2020,FALSE
315025272,5,10,19,23,26,26,10,19,1,3,0,2,0,2,0,2,5.01,Female,1,0,0,0,0,0,2,1,103,103,2,2,2,2016,FALSE
553916065,25,28,29,31,30,30,32,43,2,2,1,2,2,2,1,2,5.50,Female,1,0,0,0,0,0,2,1,109,109,1,1,1,2020,FALSE
614090738,16,17,23,25,31,31,47,31,4,4,1,2,4,4,0,0,5.19,Male,1,0,0,0,0,0,3,3,114,114,1,1,1,2017,FALSE
892967404,14,15,18,21,25,24,35,42,1,3,1,2,1,3,0,2,5.21,Male,0,0,1,0,0,0,3,1,95,92,2,2,2,2021,FALSE
114168969,11,15,23,28,26,25,35,32,2,3,1,1,1,2,1,2,4.53,Female,0,0,1,0,0,0,2,2,95,95,2,1,0,2017,FALSE
211446329,16,19,23,21,26,26,22,37,2,3,2,1,1,1,2,1,4.93,Female,0,1,0,0,0,0,3,2,117,117,2,1,0,2016,FALSE
367017419,7,10,17,21,25,28,10,36,1,4,2,2,1,4,2,2,5.62,Male,0,0,0,0,1,0,3,3,98,98,2,2,2,2021,TRUE
211179290,9,12,22,28,29,27,25,37,3,4,1,3,1,3,1,2,6.01,Male,1,0,0,0,0,0,3,1,95,95,2,0,0,2018,FALSE
767972997,6,15,19,17,19,25,20,30,0,2,1,2,1,1,2,3,5.49,Male,0,1,0,0,0,0,3,2,112,112,1,1,0,2017,FALSE
610783370,12,16,23,24,27,27,21,30,2,2,1,2,1,2,1,2,5.07,Male,0,1,0,0,0,1,1,1,116,104,2,1,2,2021,TRUE
604799974,10,16,25,26,25,30,18,36,2,2,1,2,1,2,1,2,5.25,Male,1,0,0,0,0,0,3,3,96,96,2,1,0,2020,FALSE
940366026,14,16,17,20,22,26,30,26,2,3,1,1,2,2,2,2,5.45,Female,1,0,0,0,0,0,3,1,92,92,2,0,2,2018,FALSE
978112788,3,7,18,22,26,26,15,44,1,4,1,2,1,2,1,2,5.33,Female,1,0,0,0,0,0,2,2,95,95,2,1,0,2020,FALSE
813705484,19,20,22,25,26,30,55,38,2,3,2,1,2,2,1,1,4.86,Female,1,0,0,0,0,0,2,2,120,120,2,2,2,2017,FALSE
339505601,6,17,25,27,28,31,20,34,2,4,1,2,4,4,2,2,5.24,Male,0,1,0,0,0,0,3,3,113,113,2,0,0,2020,FALSE
793078117,25,27,29,29,28,32,62,37,3,4,1,2,1,4,2,4,4.97,Female,1,0,0,0,0,0,1,1,101,101,2,2,2,2017,FALSE
153453867,10,14,20,20,27,30,24,33,1,1,1,1,2,2,0,2,5.14,Female,1,0,0,0,0,0,2,1,114,114,2,0,2,2017,FALSE
831468368,9,10,24,25,25,29,23,37,2,2,1,1,1,1,2,2,5.51,Male,0,1,0,0,0,0,1,1,113,113,1,0,0,2020,FALSE
390479361,15,20,23,27,26,28,20,49,2,3,1,2,2,3,1,2,5.25,Male,1,0,0,0,0,0,2,1,109,109,2,1,0,2020,FALSE
551187128,3,9,15,18,16,23,8,31,2,1,1,1,1,2,1,0,4.72,Female,0,1,0,0,0,0,2,2,105,105,2,0,0,2020,FALSE
131188671,8,10,20,21,19,27,3,5,2,2,0,2,0,1,1,1,4.94,Male,0,1,0,0,0,0,4,4,95,95,1,0,0,2018,FALSE
322382589,7,14,18,17,25,25,24,33,2,3,1,2,0,2,2,2,5.21,Male,0,1,0,0,0,0,2,1,115,115,2,0,1,2018,TRUE
106545447,5,15,19,24,26,29,20,20,2,2,1,2,1,2,0,2,5.30,Female,1,0,0,0,0,0,3,3,108,108,2,1,1,2018,FALSE
810691416,14,17,23,22,28,31,22,46,3,3,1,2,2,5,1,2,5.24,Male,0,0,0,0,1,0,1,1,95,93,0,0,0,2021,FALSE
673776374,5,7,19,18,20,23,19,33,1,2,1,1,1,3,1,1,5.82,Male,1,0,0,0,0,0,2,1,116,116,2,2,2,2020,FALSE
800850097,27,31,29,30,31,30,26,47,1,2,1,2,3,3,0,2,5.59,Female,1,0,0,0,0,0,2,1,109,109,2,2,1,2020,FALSE
880549823,13,14,24,22,23,26,37,34,0,2,1,2,1,2,2,2,5.21,Male,1,0,0,0,0,0,5,5,100,100,2,0,0,2017,FALSE
736472992,2,11,19,21,24,26,5,27,2,1,1,1,1,0,1,0,5.26,Female,0,1,0,0,0,1,2,1,120,120,2,2,2,2020,FALSE
124633233,9,13,23,21,24,32,27,47,2,2,2,1,2,3,1,3,5.03,Female,1,0,0,0,0,0,4,4,95,93,1,0,0,2021,FALSE
708874785,6,14,20,20,23,27,15,42,2,3,1,2,0,2,2,3,4.99,Female,1,0,0,0,0,0,2,1,115,104,2,1,1,2021,TRUE
555198279,14,9,29,23,22,29,27,32,2,2,1,2,2,2,2,3,5.61,Female,1,0,0,0,0,0,1,1,99,99,2,1,2,2020,FALSE
780418768,19,21,26,31,31,29,47,43,3,5,1,2,1,4,2,2,5.35,Male,0,0,1,0,0,0,2,1,103,103,2,2,1,2020,FALSE
770701710,8,11,27,24,29,30,24,30,2,3,1,1,2,3,2,2,4.92,Male,1,0,0,0,0,0,1,1,104,98,2,2,0,2021,FALSE
981042340,2,12,15,16,11,22,12,28,0,0,1,1,1,1,0,1,5.58,Female,1,0,0,0,0,0,2,1,109,109,2,1,1,2020,TRUE
165461192,3,11,20,19,20,27,35,23,2,3,1,1,1,2,0,0,5.92,Male,0,1,0,0,0,0,5,3,116,116,1,0,0,2017,FALSE
218598113,6,11,20,22,25,29,10,28,0,2,1,2,0,2,0,1,4.98,Female,0,1,0,0,0,0,3,3,116,116,1,0,0,2016,TRUE
759731756,9,14,19,20,26,31,40,41,2,2,1,1,0,1,2,0,4.97,Female,1,0,0,0,0,0,3,3,97,97,2,0,0,2018,FALSE
453635606,14,16,22,26,31,31,38,40,2,4,1,2,1,2,2,2,5.41,Male,1,0,0,0,0,0,2,1,95,93,0,0,0,2021,FALSE
869087939,11,16,20,28,31,28,19,43,2,3,1,2,0,3,0,2,4.69,Female,1,0,0,0,0,0,2,1,104,104,2,2,1,2020,FALSE
663914135,18,22,30,34,29,29,30,32,2,4,2,2,1,4,0,1,5.54,Female,1,0,0,0,0,0,3,2,101,101,2,0,0,2016,FALSE
346340346,18,23,27,30,29,30,31,34,2,4,2,3,1,2,1,2,5.43,Male,1,0,0,0,0,0,2,1,101,101,2,1,1,2017,FALSE
313901307,8,11,15,17,18,19,6,12,1,1,0,2,1,1,1,2,5.33,Female,1,0,0,0,0,0,2,1,113,113,1,0,0,2016,TRUE
708173262,10,8,18,19,16,21,20,34,2,2,1,2,1,1,0,2,5.24,Female,0,1,0,0,0,0,2,2,91,91,1,0,0,2020,TRUE
243110951,5,9,17,16,18,25,23,28,0,2,1,2,1,4,2,2,5.18,Female,1,0,0,0,0,0,2,2,103,103,2,0,0,2017,TRUE
843751549,31,31,30,31,26,28,13,32,2,2,1,2,1,1,0,1,4.83,Male,0,1,0,0,0,0,2,1,95,95,2,1,1,2017,FALSE
881297092,9,18,22,26,28,31,30,32,3,3,2,2,3,4,2,1,6.08,Male,1,0,0,0,0,0,2,2,114,114,2,2,2,2020,FALSE
459720023,12,11,19,17,25,28,15,35,1,2,1,2,1,2,2,2,5.23,Female,1,0,0,0,0,0,2,1,92,87,2,0,0,2021,TRUE
730264585,14,18,23,30,30,29,15,34,3,2,2,2,1,4,2,2,5.56,Female,1,0,0,0,0,0,2,2,101,101,2,1,1,2016,FALSE
809570252,18,12,23,17,20,23,19,37,2,2,1,2,1,2,0,2,4.66,Male,1,0,0,0,0,0,3,3,95,95,0,0,0,2018,FALSE
675147316,5,10,14,12,14,26,13,19,1,2,1,2,2,2,0,2,4.53,Male,1,0,0,0,0,0,2,2,94,94,2,2,2,2018,TRUE
613837496,7,15,19,17,23,29,26,33,2,2,1,2,1,2,2,2,5.60,Female,1,0,0,0,0,0,1,1,97,97,2,0,0,2018,FALSE
968236607,11,11,16,16,19,24,22,35,2,2,1,2,2,0,2,2,5.11,Female,0,0,1,0,0,1,1,1,94,94,0,0,0,2018,FALSE
909729500,18,17,24,31,28,30,32,30,2,3,1,2,2,2,1,4,5.05,Male,1,0,0,0,0,0,2,1,94,94,2,1,0,2018,FALSE
536102765,11,9,20,22,27,30,20,22,0,2,1,2,0,2,1,1,5.47,Male,0,1,0,0,0,0,2,1,116,116,0,0,0,2018,TRUE
550705093,20,23,26,30,29,32,18,49,1,4,1,2,3,3,0,2,5.31,Male,1,0,0,0,0,0,1,1,95,93,0,0,0,2021,FALSE
707672343,18,22,26,28,30,31,33,34,1,2,1,2,3,3,1,2,5.26,Female,1,0,0,0,0,0,3,3,114,114,2,2,2,2016,FALSE
643401039,13,14,20,18,25,27,35,33,2,3,1,2,1,2,2,2,5.73,Male,0,1,0,0,0,0,2,2,115,115,2,2,1,2018,FALSE
343546593,3,12,16,16,25,23,7,17,1,2,1,2,0,0,1,0,4.82,Male,0,1,0,0,0,0,3,2,88,88,1,0,0,2018,TRUE
986559843,10,11,19,21,26,30,10,22,2,3,1,2,1,1,2,1,5.22,Male,0,0,0,0,1,0,1,1,96,95,1,0,0,2021,TRUE
558547473,11,10,18,20,20,27,4,24,2,2,1,1,1,3,2,2,5.64,Male,0,0,0,1,0,0,2,2,97,97,0,0,0,2020,FALSE
458615085,11,12,26,25,27,29,33,31,3,3,1,2,2,2,2,2,5.25,Female,0,1,0,0,0,0,2,2,117,108,2,1,2,2021,FALSE
759202605,8,12,14,13,16,25,23,25,1,3,1,1,0,1,0,2,5.16,Male,1,0,0,0,0,0,2,2,94,94,1,0,0,2018,FALSE
714405441,1,12,14,20,23,25,4,18,0,1,0,1,0,1,0,1,5.46,Female,0,1,0,0,0,1,1,1,110,110,2,1,0,2020,FALSE
326492194,18,17,22,24,28,28,24,40,2,2,2,2,2,2,2,2,5.28,Male,0,0,1,0,0,0,2,1,109,109,2,2,1,2020,FALSE
819706096,12,13,25,28,26,25,21,42,2,1,1,1,0,2,2,2,4.66,Female,0,0,1,0,0,0,2,2,94,94,0,0,0,2020,FALSE
950989025,0,6,11,13,15,23,5,1,0,1,0,1,0,2,0,2,5.24,Female,0,1,0,0,0,0,6,5,89,89,1,0,0,2018,FALSE
806098231,14,21,21,23,28,28,32,39,2,4,1,2,1,5,0,2,5.21,Female,1,0,0,0,0,0,2,1,113,105,2,1,0,2021,FALSE
977075736,5,17,22,25,25,29,19,33,1,4,1,3,0,4,0,1,5.10,Male,0,1,0,0,0,0,2,2,113,113,2,2,2,2020,FALSE
130366518,8,8,20,21,24,24,12,41,2,2,1,1,0,1,1,1,5.33,Male,0,1,0,0,0,0,2,1,94,91,2,0,0,2021,FALSE
644044862,5,6,20,22,25,29,8,11,0,2,0,1,0,2,0,2,4.60,Female,1,0,0,0,0,0,1,1,114,114,1,1,0,2017,FALSE
934013836,7,12,19,23,24,26,32,21,3,4,1,2,1,1,1,2,5.84,Male,0,1,0,0,0,0,2,2,117,108,2,1,2,2021,FALSE
857279188,12,16,18,25,25,28,24,34,1,3,1,2,1,2,1,2,5.22,Male,1,0,0,0,0,0,2,1,100,100,0,0,0,2017,FALSE
106305556,4,16,21,24,24,25,21,38,2,3,1,1,2,2,2,1,5.56,Female,1,0,0,0,0,0,3,3,114,102,2,0,0,2021,FALSE
685659357,5,13,20,20,26,27,16,31,2,3,1,1,1,1,1,1,5.48,Male,0,1,0,0,0,0,2,2,117,117,2,2,1,2018,FALSE
425056178,0,4,18,18,16,23,11,19,2,2,2,1,0,1,2,2,5.47,Male,1,0,0,0,0,0,1,1,94,94,1,1,1,2018,TRUE
703068317,7,16,19,16,19,28,15,13,1,2,1,1,1,3,2,2,4.67,Female,1,0,0,0,0,0,4,3,95,95,1,0,1,2020,FALSE
897677359,1,11,19,13,24,26,12,13,1,2,1,2,1,2,1,2,4.79,Male,1,0,0,0,0,0,2,2,98,98,1,0,0,2021,TRUE
366894161,25,32,29,29,31,31,18,46,4,5,1,2,1,4,2,2,5.24,Male,1,0,0,0,0,0,2,2,109,109,2,2,2,2020,FALSE
442800581,6,15,18,19,20,23,19,26,1,3,1,1,1,1,2,1,4.88,Female,1,0,0,0,0,0,3,1,95,95,2,2,1,2017,FALSE
156002503,12,17,19,23,23,30,36,35,2,2,1,1,1,2,0,2,5.40,Female,1,0,0,0,0,0,4,1,114,114,1,1,0,2016,FALSE
201456091,27,27,33,31,31,29,42,39,1,5,1,2,2,4,0,2,5.03,Male,1,0,0,0,0,0,3,2,97,97,2,0,0,2016,FALSE
538952086,16,18,26,24,29,29,44,40,3,4,2,2,2,2,2,2,4.79,Female,1,0,0,0,0,0,2,2,95,95,2,2,2,2018,FALSE
850797255,1,10,16,18,23,28,16,29,1,1,0,1,1,2,1,2,5.73,Female,0,1,0,0,0,0,1,1,95,95,2,1,0,2020,TRUE
762378444,4,10,16,20,21,22,15,25,1,3,1,1,0,1,0,1,5.21,Female,1,0,0,0,0,0,2,1,101,101,2,0,1,2016,FALSE
145611205,11,14,20,19,23,29,37,42,2,4,2,2,1,1,2,2,5.47,Male,1,0,0,0,0,0,2,2,117,108,2,2,1,2021,FALSE
172760200,9,15,25,25,25,26,31,33,1,2,1,1,0,2,0,1,5.08,Female,1,0,0,0,0,0,3,1,104,104,2,2,2,2020,FALSE
828988642,13,15,20,21,23,26,29,31,1,2,1,1,0,2,2,2,5.86,Female,1,0,0,0,0,0,2,2,97,97,2,1,1,2020,FALSE
928466331,10,13,16,17,25,32,22,28,1,4,1,2,2,4,1,2,4.92,Male,1,0,0,0,0,0,2,1,94,94,2,2,1,2018,FALSE
407789037,2,12,17,17,19,22,15,31,1,2,1,1,1,1,1,1,5.05,Male,0,1,0,0,0,0,4,3,117,117,2,2,2,2020,TRUE
158861215,10,14,18,22,24,29,32,43,3,4,2,2,2,3,2,2,5.05,Male,1,0,0,0,0,0,2,2,113,105,2,0,1,2021,FALSE
927130264,17,21,25,29,30,31,45,48,2,3,1,2,0,2,0,2,5.25,Female,1,0,0,0,0,0,2,1,91,91,1,1,1,2020,FALSE
993706226,6,6,17,17,21,21,19,30,1,1,1,2,0,1,1,2,5.30,Male,0,1,0,0,0,0,1,1,103,103,2,1,1,2017,FALSE
401559103,12,22,27,28,29,27,19,32,1,2,1,1,1,1,0,2,4.77,Female,1,0,0,0,0,0,2,1,104,98,2,2,1,2021,FALSE
514006542,17,20,27,25,27,29,23,44,1,3,1,2,2,2,2,1,5.52,Male,1,0,0,0,0,0,1,1,105,105,2,1,0,2020,FALSE
311188034,12,13,21,27,30,28,34,27,2,3,1,2,3,4,2,2,5.67,Male,1,0,0,0,0,0,2,2,91,89,2,1,0,2021,FALSE
138456045,15,12,25,22,24,25,20,30,4,4,1,2,1,2,1,2,5.83,Male,0,1,0,0,0,0,3,2,104,104,2,2,2,2020,FALSE
821620576,0,5,19,21,21,20,6,33,2,2,1,1,1,2,1,2,5.03,Male,0,1,0,0,0,0,2,2,107,107,0,0,0,2020,TRUE
991765688,5,12,30,24,26,31,17,37,3,3,1,2,1,3,1,2,5.03,Female,0,1,0,0,0,1,1,1,99,94,2,2,2,2021,FALSE
625761647,11,12,21,23,25,29,30,38,2,3,1,1,2,2,2,2,4.89,Male,0,1,0,0,0,1,3,1,110,110,2,2,1,2020,FALSE
444829704,2,16,23,20,28,29,17,23,0,2,1,2,0,2,1,2,5.12,Female,1,0,0,0,0,0,2,1,95,95,2,0,0,2017,FALSE
920450341,9,12,16,17,22,22,7,27,2,3,2,1,2,0,2,2,4.58,Male,0,1,0,0,0,0,1,1,97,97,0,0,0,2017,FALSE
798963610,6,11,18,23,21,29,27,24,2,5,1,2,2,4,2,4,5.00,Male,1,0,0,0,0,0,5,3,94,94,0,0,0,2018,FALSE
112593589,15,19,21,23,29,26,64,33,3,4,1,2,3,2,1,2,5.53,Female,1,0,0,0,0,0,2,2,120,120,0,0,0,2016,FALSE
235983094,2,12,19,21,24,26,8,20,1,3,0,2,0,2,2,2,4.97,Female,1,0,0,0,0,0,3,2,78,78,2,1,0,2020,FALSE
987674655,8,11,20,19,19,23,21,34,1,3,1,2,1,2,2,2,4.89,Female,0,1,0,0,0,1,3,2,99,99,2,0,0,2020,FALSE
623619381,9,17,25,28,29,31,40,38,2,4,1,2,2,2,2,2,5.57,Female,1,0,0,0,0,0,3,2,102,102,0,0,0,2017,FALSE
623596559,10,18,27,26,24,28,18,36,1,3,1,2,2,2,0,1,4.96,Male,1,0,0,0,0,0,1,1,120,120,2,1,1,2017,FALSE
750983046,14,16,27,25,27,25,28,37,2,2,1,1,1,2,0,0,5.35,Male,1,0,0,0,0,0,2,1,120,120,0,0,0,2016,FALSE
829420002,9,14,17,21,22,30,29,35,2,3,1,2,1,2,0,2,5.40,Female,0,0,0,0,1,0,4,3,114,114,2,1,0,2018,FALSE
446517976,14,18,22,24,27,29,49,34,2,4,1,2,2,3,2,1,5.63,Female,1,0,0,0,0,0,3,3,102,102,2,2,2,2018,FALSE
691144685,7,11,12,14,19,23,12,23,1,3,1,1,1,1,1,2,5.48,Male,1,0,0,0,0,0,1,1,95,95,1,1,0,2018,TRUE
527294693,12,14,17,16,23,30,38,44,2,3,1,2,2,1,0,1,5.54,Male,0,1,0,0,0,0,2,1,103,103,2,2,1,2020,FALSE
391600194,12,12,18,21,28,30,8,14,1,2,0,1,1,2,0,2,5.56,Female,0,0,0,0,1,0,3,2,97,97,2,1,2,2016,FALSE
701463406,25,23,30,31,30,31,52,51,2,1,1,1,2,2,0,2,5.31,Female,1,0,0,0,0,0,2,2,95,93,0,0,0,2021,FALSE
258323123,7,13,19,18,22,29,8,17,2,2,1,1,1,2,2,0,5.72,Female,1,0,0,0,0,0,2,2,95,95,2,2,2,2018,FALSE
101047401,10,12,22,19,22,26,31,28,2,2,1,1,1,2,2,2,4.83,Female,1,0,0,0,0,0,2,2,114,114,0,0,0,2016,TRUE
621500054,8,7,20,17,20,26,21,26,1,2,0,2,0,1,0,0,5.35,Female,0,1,0,0,0,1,3,1,97,97,2,0,0,2018,FALSE
945928058,8,10,17,13,18,19,3,24,1,1,1,1,0,1,2,2,5.56,Female,0,1,0,0,0,0,4,3,112,112,2,2,2,2018,TRUE
430870461,12,12,22,20,24,29,8,29,2,3,1,2,2,4,0,2,5.33,Male,1,0,0,0,0,0,3,2,103,103,2,2,2,2018,FALSE
150068237,10,14,18,23,20,27,5,29,1,1,1,1,1,2,2,1,5.38,Female,1,0,0,0,0,0,2,2,108,108,2,1,2,2018,FALSE
796711716,21,22,25,29,29,30,27,40,2,2,1,1,1,2,0,1,4.92,Female,1,0,0,0,0,0,3,3,109,109,0,2,1,2020,FALSE
557197983,7,16,22,19,21,25,15,32,2,2,1,2,1,1,2,2,5.05,Male,1,0,0,0,0,0,2,1,103,103,2,1,1,2020,TRUE
435285975,10,13,18,22,23,26,16,19,2,4,2,2,1,2,1,2,5.55,Male,1,0,0,0,0,0,3,3,107,107,1,1,1,2020,FALSE
956858476,15,32,28,29,30,30,26,50,2,4,1,2,2,2,2,2,5.52,Male,1,0,0,0,0,0,2,2,109,109,2,2,1,2020,FALSE
181541930,4,13,18,18,21,26,16,36,2,1,1,1,1,1,1,0,4.58,Female,1,0,0,0,0,0,2,2,95,95,2,1,2,2020,TRUE
944173319,14,16,18,19,24,28,12,45,1,0,1,2,1,1,0,2,5.14,Male,0,1,0,0,0,0,1,1,103,103,2,1,0,2020,FALSE
331074315,12,14,22,24,23,27,12,24,2,4,1,2,2,3,2,2,5.12,Female,1,0,0,0,0,0,3,2,103,103,0,0,0,2020,FALSE
757364765,11,18,28,28,30,29,16,23,2,3,1,2,1,2,1,2,5.22,Male,0,1,0,0,0,1,3,3,114,114,2,1,1,2018,FALSE
693572807,8,14,15,16,17,21,9,33,1,1,1,1,0,2,0,0,4.93,Female,1,0,0,0,0,0,2,2,112,112,2,0,0,2020,FALSE
814735580,4,13,19,15,21,23,9,21,2,2,1,1,1,1,1,0,5.01,Male,0,1,0,0,0,0,2,2,103,103,0,0,0,2016,FALSE
934735246,12,14,18,25,24,30,37,37,2,2,1,2,1,1,2,1,4.73,Female,1,0,0,0,0,0,2,1,114,114,2,0,2,2016,FALSE
642956477,19,30,28,33,31,31,20,45,1,3,1,2,1,3,1,2,5.00,Male,1,0,0,0,0,0,2,2,109,109,2,1,2,2020,FALSE
358542376,4,10,19,23,23,28,7,11,2,2,1,1,1,2,1,2,5.18,Female,0,1,0,0,0,0,2,2,102,102,1,1,0,2020,FALSE
529413834,7,11,16,21,21,21,11,29,1,4,1,0,1,2,1,2,5.23,Male,1,0,0,0,0,0,4,3,102,102,2,0,1,2017,TRUE
114112535,9,12,20,21,24,29,17,22,3,2,1,2,2,2,0,1,5.28,Female,1,0,0,0,0,0,2,1,92,92,2,2,1,2020,FALSE
298118226,8,13,17,19,20,23,31,39,3,2,1,1,2,2,2,2,5.20,Male,0,1,0,0,0,1,2,1,102,102,2,0,0,2020,FALSE
843763275,23,31,27,29,29,30,59,36,2,5,1,2,2,2,2,1,5.42,Female,1,0,0,0,0,0,2,1,114,114,2,0,0,2018,FALSE
694485071,11,13,20,23,26,29,34,27,2,3,1,2,3,2,1,2,5.07,Male,1,0,0,0,0,0,2,1,120,120,1,1,1,2016,FALSE
156473531,11,15,17,17,26,23,16,26,2,4,1,2,1,2,0,2,5.07,Male,0,1,0,0,0,0,2,2,102,102,2,2,1,2018,FALSE
951409143,16,15,26,27,26,31,37,27,1,4,1,1,2,2,2,2,5.54,Female,1,0,0,0,0,0,2,2,114,114,2,2,2,2016,FALSE
777750784,32,32,31,28,29,29,37,46,3,4,1,2,3,4,1,3,4.94,Female,1,0,0,0,0,0,2,1,105,105,2,2,1,2020,FALSE
334831867,7,6,17,15,19,23,7,21,2,3,1,1,0,2,0,2,5.15,Female,1,0,0,0,0,0,2,2,97,97,0,0,0,2017,TRUE
825639305,12,13,22,21,23,31,19,24,2,3,2,2,2,2,2,2,5.31,Female,1,0,0,0,0,0,5,3,88,88,1,1,0,2018,FALSE
173990516,10,13,19,18,20,25,28,32,2,2,1,2,1,2,0,2,5.14,Male,1,0,0,0,0,0,2,1,103,103,2,1,1,2020,FALSE
688327482,11,10,18,19,19,20,23,31,1,2,1,1,1,2,0,2,5.15,Female,1,0,0,0,0,0,3,2,95,95,0,0,0,2017,TRUE
968338567,7,14,19,17,20,24,8,15,1,3,1,2,1,2,0,2,5.10,Female,1,0,0,0,0,0,3,1,95,95,1,0,0,2018,FALSE
986607901,8,14,17,20,21,26,16,38,1,2,1,2,2,2,2,2,5.16,Female,1,0,0,0,0,0,2,2,98,98,2,2,0,2017,FALSE
781748616,9,12,21,23,25,30,17,36,2,2,1,2,3,3,0,2,5.81,Male,1,0,0,0,0,0,3,1,120,120,2,2,2,2020,FALSE
620592900,7,14,20,20,23,30,25,25,2,3,1,2,0,2,1,3,5.11,Female,0,1,0,0,0,0,4,4,101,101,2,0,1,2020,FALSE
407756811,6,11,19,18,22,23,38,31,3,4,1,2,2,2,2,2,5.61,Male,1,0,0,0,0,0,3,1,103,103,1,1,1,2017,FALSE
104228357,21,25,27,26,26,28,35,45,1,2,1,2,0,0,0,1,5.32,Female,0,1,0,0,0,0,3,2,103,103,2,1,1,2020,FALSE
204099778,12,12,17,21,24,28,18,40,2,3,1,2,1,3,1,2,4.71,Male,1,0,0,0,0,0,2,1,90,90,2,1,0,2017,FALSE
426728482,10,13,20,17,23,30,21,31,2,4,1,2,2,2,1,2,5.03,Female,1,0,0,0,0,0,2,2,110,110,2,2,2,2018,FALSE
856272775,9,11,16,16,18,25,15,30,1,2,0,1,2,2,0,2,4.59,Female,1,0,0,0,0,0,2,1,97,97,2,2,1,2018,FALSE
906813702,4,11,13,17,18,25,12,24,1,3,1,2,1,3,1,2,5.70,Male,0,0,1,0,0,0,3,2,94,94,2,2,0,2020,TRUE
232200197,18,23,27,31,29,30,38,35,3,4,2,2,3,2,1,2,5.85,Male,1,0,0,0,0,0,2,1,114,114,2,1,2,2017,FALSE
695966930,1,8,12,14,12,16,8,11,0,2,0,1,0,1,1,0,5.63,Male,0,1,0,0,0,0,2,1,89,89,1,0,0,2017,TRUE
838230733,14,17,26,29,29,33,31,24,3,4,1,3,4,5,0,4,5.07,Male,1,0,0,0,0,0,2,1,114,114,1,0,1,2018,FALSE
204714787,15,10,18,24,24,25,11,40,0,3,1,2,1,1,1,0,5.41,Female,1,0,0,0,0,0,2,2,116,104,2,0,1,2021,TRUE
873541604,3,12,20,21,23,28,9,16,0,3,1,1,1,1,1,1,4.89,Female,1,0,0,0,0,0,2,2,107,107,2,2,0,2020,TRUE
707787644,16,15,23,19,22,28,19,35,1,2,2,2,2,1,2,2,5.51,Female,1,0,0,0,0,0,3,1,92,92,2,2,2,2018,FALSE
917849193,8,15,19,21,25,30,19,37,2,4,2,3,1,5,1,4,5.22,Male,1,0,0,0,0,0,2,2,101,101,1,0,0,2020,FALSE
697917374,10,12,21,20,19,22,17,40,1,2,1,1,1,1,1,2,5.22,Male,0,1,0,0,0,0,2,2,97,97,2,1,0,2020,FALSE
861823303,8,14,16,18,21,25,8,25,1,1,0,1,0,1,0,0,5.09,Male,0,0,0,0,1,1,1,1,94,94,2,0,0,2020,FALSE
162397105,7,11,20,14,20,24,24,22,1,3,1,1,1,1,0,1,5.78,Female,0,1,0,0,0,0,1,1,114,114,2,1,0,2016,FALSE
733651219,4,9,19,23,28,30,11,26,0,2,1,1,0,2,1,2,6.02,Male,1,0,0,0,0,0,2,2,116,116,2,2,0,2018,FALSE
519632565,12,15,26,25,31,29,24,37,2,2,1,1,1,2,1,2,5.09,Female,1,0,0,0,0,0,2,1,109,109,1,1,0,2020,FALSE
422808229,1,7,12,10,16,28,4,14,1,3,1,1,1,1,1,1,5.55,Female,0,1,0,0,0,1,3,2,95,95,1,0,0,2020,TRUE
427612169,26,27,29,26,30,30,63,47,2,4,1,2,2,4,1,2,5.41,Female,1,0,0,0,0,0,6,5,95,95,2,2,1,2020,FALSE
619726637,20,23,26,23,26,30,15,36,3,4,2,2,3,4,2,2,5.52,Male,1,0,0,0,0,0,4,2,102,102,2,1,0,2020,FALSE
665664569,18,24,20,20,24,31,54,36,4,6,2,2,4,5,2,3,5.31,Male,0,0,1,0,0,0,2,2,101,101,2,1,1,2020,FALSE
387865664,5,12,21,22,20,25,26,33,2,4,1,2,2,2,2,2,5.59,Male,1,0,0,0,0,0,4,3,103,103,1,0,0,2020,FALSE
881712967,11,20,20,26,30,30,23,34,1,2,1,1,1,1,2,1,5.17,Female,1,0,0,0,0,0,3,3,92,87,2,0,0,2021,FALSE
557670239,14,11,21,22,26,31,25,27,2,5,2,2,2,2,0,0,4.78,Male,1,0,0,0,0,0,2,2,114,114,0,0,0,2017,FALSE
258351523,6,15,17,18,19,28,13,30,1,2,1,1,1,1,0,2,5.61,Male,0,1,0,0,0,0,2,2,93,93,2,1,0,2017,TRUE
504191112,15,14,19,21,23,28,9,25,1,1,1,1,0,2,1,2,5.28,Female,1,0,0,0,0,0,2,1,95,95,2,0,0,2018,FALSE
140827417,14,15,26,21,18,30,35,31,3,3,1,2,2,2,2,2,5.28,Female,1,0,0,0,0,0,3,2,90,90,1,0,0,2018,FALSE
363372735,12,15,20,23,27,25,17,48,4,5,2,2,4,4,2,2,5.45,Male,0,0,0,0,1,0,2,2,117,108,2,2,1,2021,FALSE
889548707,13,14,19,18,17,27,8,33,2,2,1,1,1,2,2,2,4.80,Female,0,0,1,0,0,0,2,1,97,97,0,0,0,2017,FALSE
880962941,13,16,22,21,27,28,11,30,1,3,0,1,1,1,0,2,5.06,Male,0,0,0,0,1,0,4,3,97,97,2,1,0,2020,FALSE
348448316,5,16,18,14,21,28,11,14,2,2,1,1,1,3,1,2,4.83,Female,1,0,0,0,0,0,2,1,93,93,2,2,0,2018,TRUE
108659188,17,16,19,24,28,27,14,35,1,1,1,1,1,0,1,1,4.96,Female,1,0,0,0,0,0,2,1,109,109,1,0,1,2018,TRUE
811251140,8,9,18,16,19,22,32,43,2,2,1,2,1,2,1,2,5.46,Female,0,0,0,0,1,1,2,2,95,95,2,0,0,2021,TRUE
177572752,14,20,23,30,29,30,18,31,3,4,2,2,1,2,2,2,5.71,Female,1,0,0,0,0,0,2,2,101,101,1,2,2,2016,FALSE
652912293,13,15,20,19,23,26,14,35,2,3,1,1,0,1,1,2,4.89,Female,1,0,0,0,0,0,2,1,112,112,2,2,2,2020,FALSE
457097635,4,7,15,17,17,25,16,16,1,3,0,1,0,1,0,2,5.05,Male,0,1,0,0,0,0,3,2,92,92,2,2,0,2018,FALSE
756923050,12,15,24,22,23,26,13,20,1,1,0,1,1,1,0,2,5.63,Male,1,0,0,0,0,0,4,3,89,89,1,1,0,2018,FALSE
146349729,5,12,15,15,19,25,22,22,1,2,1,1,2,1,2,0,4.80,Male,0,0,0,0,1,1,1,1,97,97,1,0,1,2018,FALSE
461101943,11,10,17,18,22,26,14,27,1,2,1,2,1,2,1,2,4.68,Male,0,1,0,0,0,0,2,1,95,95,2,2,2,2018,FALSE
798883231,4,13,21,26,30,30,8,30,1,3,1,2,0,4,0,2,5.05,Male,1,0,0,0,0,0,1,1,116,116,0,0,0,2018,FALSE
248100679,2,10,13,12,16,23,6,29,2,2,1,2,2,2,2,2,4.89,Male,1,0,0,0,0,0,4,4,88,88,2,1,0,2018,FALSE
104974050,3,6,18,13,19,25,4,9,1,3,1,1,0,2,1,2,4.68,Male,0,1,0,0,0,0,1,1,97,97,0,0,0,2018,TRUE
466569794,7,8,16,11,17,20,8,20,1,2,1,1,1,2,1,1,4.72,Female,1,0,0,0,0,0,5,4,98,98,1,1,0,2021,TRUE
304773047,19,21,26,29,29,31,16,46,3,3,1,2,1,2,1,2,5.20,Male,1,0,0,0,0,0,3,3,109,109,2,2,1,2020,FALSE
882782328,12,13,20,18,23,28,20,31,2,2,1,2,2,2,0,0,5.60,Female,1,0,0,0,0,0,2,1,97,97,2,0,2,2018,FALSE
240411088,8,15,17,15,17,24,22,23,2,1,0,1,0,2,0,0,5.15,Female,0,1,0,0,0,0,4,4,104,104,2,2,2,2020,TRUE
446992945,8,13,21,25,28,30,29,26,3,5,1,2,2,2,1,2,5.06,Male,1,0,0,0,0,0,3,2,116,116,2,2,2,2018,FALSE
321767309,5,16,21,24,23,27,13,16,1,1,1,1,0,3,0,0,4.58,Female,1,0,0,0,0,0,1,1,94,94,1,0,0,2020,FALSE
659110720,28,27,30,31,31,32,58,54,5,5,2,4,4,4,2,3,6.07,Male,1,0,0,0,0,0,3,1,113,113,2,1,1,2020,FALSE
868266950,8,12,17,19,18,21,40,37,2,1,1,1,2,3,0,2,5.78,Female,1,0,0,0,0,0,2,2,112,112,2,2,2,2018,FALSE
416099287,18,18,24,27,30,30,23,52,2,3,1,2,2,5,0,2,5.18,Female,1,0,0,0,0,0,2,2,91,91,1,1,1,2020,FALSE
364045887,14,14,23,22,25,28,40,36,3,4,1,2,2,3,2,3,5.35,Male,1,0,0,0,0,0,2,2,120,120,2,2,2,2018,FALSE
669953005,2,10,15,13,13,20,7,23,0,3,0,4,0,4,1,2,5.79,Male,0,1,0,0,0,0,2,1,104,98,2,2,2,2021,TRUE
789839597,29,30,29,31,32,29,20,51,4,5,2,3,2,5,2,4,5.25,Male,1,0,0,0,0,0,1,1,105,105,2,2,2,2020,FALSE
435624236,28,29,31,27,28,30,17,42,4,5,2,2,2,4,2,1,5.68,Male,1,0,0,0,0,0,1,1,105,105,1,1,1,2020,FALSE
286726262,9,14,24,22,26,25,41,34,1,2,1,2,0,3,0,2,4.68,Female,1,0,0,0,0,0,1,1,115,115,2,2,2,2020,FALSE
475374552,25,27,31,31,28,30,50,47,2,4,1,1,0,1,2,2,5.20,Female,0,0,1,0,0,0,3,2,94,91,1,1,1,2021,FALSE
924361979,4,6,17,22,24,27,3,7,1,2,1,1,1,2,2,2,5.26,Male,0,1,0,0,0,0,4,4,95,94,2,1,1,2021,FALSE
897943656,2,2,12,9,14,19,5,12,1,2,1,1,1,2,0,2,5.07,Male,0,0,0,0,1,0,2,2,94,94,0,0,0,2020,TRUE
634204432,10,10,17,22,22,27,27,34,2,4,1,2,0,4,1,4,5.71,Male,1,0,0,0,0,0,2,2,103,103,2,0,1,2017,FALSE
484178598,14,17,22,22,30,28,26,43,1,3,1,1,2,2,1,2,4.70,Female,1,0,0,0,0,0,3,2,109,109,2,2,1,2020,FALSE
417632406,10,15,23,25,27,28,26,43,1,2,0,2,2,3,0,2,5.79,Male,1,0,0,0,0,0,3,3,104,104,2,0,0,2020,FALSE
422837118,7,11,18,27,26,32,18,32,1,2,0,1,0,2,2,0,5.35,Male,1,0,0,0,0,0,1,1,95,93,0,0,0,2021,FALSE
658355696,18,16,23,28,32,30,32,34,3,4,1,2,1,2,1,1,5.38,Male,0,0,1,0,0,1,2,1,102,102,2,0,1,2018,FALSE
275357907,31,30,28,29,31,30,24,44,2,4,2,3,2,5,2,2,4.95,Male,0,1,0,0,0,0,2,1,105,105,2,2,0,2020,FALSE
681402445,9,13,20,22,23,30,22,36,2,2,1,1,1,2,1,2,5.43,Male,0,1,0,0,0,1,2,1,99,99,2,0,1,2020,FALSE
143640193,11,18,23,31,29,31,23,32,2,3,1,2,1,2,2,2,5.20,Female,1,0,0,0,0,0,2,1,97,97,0,0,0,2016,FALSE
688588350,11,11,18,17,17,24,22,38,1,2,1,2,1,1,0,2,5.73,Male,0,1,0,0,0,0,1,1,97,97,0,0,0,2020,FALSE
322778627,10,13,19,22,26,31,20,29,2,3,1,2,1,1,1,2,4.71,Female,1,0,0,0,0,0,3,3,99,99,3,0,1,2017,FALSE
468218345,11,18,26,24,23,29,13,40,3,4,2,3,2,4,2,2,5.35,Male,1,0,0,0,0,0,5,4,109,109,2,0,0,2020,FALSE
482632235,3,9,21,19,26,25,10,26,2,2,1,1,1,2,1,2,4.82,Male,1,0,0,0,0,0,2,2,95,95,1,1,1,2018,FALSE
662803774,21,22,29,30,31,29,30,53,1,4,1,2,0,2,1,2,5.65,Male,1,0,0,0,0,0,1,1,109,109,2,1,0,2020,FALSE
723761595,6,12,18,14,20,25,25,29,3,3,2,1,2,2,2,2,5.11,Male,0,1,0,0,0,0,2,1,94,94,0,0,0,2017,FALSE
689577925,13,8,17,18,17,22,12,23,1,2,1,1,1,0,2,0,5.15,Female,1,0,0,0,0,0,3,2,104,98,1,1,0,2021,FALSE
288602750,14,26,29,29,31,28,20,30,2,2,0,1,1,2,1,0,4.91,Male,1,0,0,0,0,0,2,2,94,91,2,2,1,2021,FALSE
547918456,7,17,16,28,19,25,14,15,2,3,2,2,4,4,2,2,5.59,Male,1,0,0,0,0,0,3,3,114,114,2,2,1,2020,FALSE
396937237,5,12,17,25,28,29,23,27,2,3,0,1,0,1,0,3,4.76,Male,1,0,0,0,0,0,2,1,97,97,2,2,2,2020,FALSE
282723798,10,16,19,21,21,30,22,37,1,3,1,2,1,1,1,2,5.25,Male,1,0,0,0,0,0,2,2,92,92,2,2,1,2018,FALSE
567209406,9,12,17,24,24,27,7,11,2,2,1,2,1,0,2,1,5.53,Male,0,1,0,0,0,0,2,2,96,96,2,2,2,2020,FALSE
334834800,2,8,11,9,12,16,3,8,0,3,0,2,2,2,1,1,5.23,Male,1,0,0,0,0,0,5,3,98,98,2,0,1,2017,TRUE
791790527,9,18,22,23,28,32,17,33,2,3,1,2,2,2,2,1,5.73,Female,1,0,0,0,0,0,2,2,114,114,0,0,0,2018,FALSE
398848115,5,12,20,24,28,27,11,15,1,2,0,2,0,4,2,2,5.25,Male,0,0,0,0,1,0,2,1,91,91,2,1,1,2020,FALSE
118461884,4,5,17,17,16,24,27,16,2,2,1,0,1,1,0,0,5.40,Female,1,0,0,0,0,0,1,1,94,94,2,0,2,2018,TRUE
297223887,3,10,19,18,22,23,3,13,2,4,0,2,1,2,1,2,4.98,Male,0,1,0,0,0,0,2,1,115,115,2,2,2,2020,FALSE
287484862,11,15,21,27,28,29,43,36,2,3,1,1,1,2,1,2,5.63,Female,1,0,0,0,0,0,2,1,95,95,2,0,1,2020,FALSE
195078406,8,8,23,26,27,28,21,29,2,3,1,1,1,2,0,2,5.33,Male,0,1,0,0,0,0,2,1,113,113,2,2,1,2020,FALSE
269340978,8,12,17,18,21,24,12,29,2,2,1,2,2,4,2,3,5.34,Male,1,0,0,0,0,0,3,2,113,113,2,0,0,2018,TRUE
156071418,11,18,30,28,31,29,21,40,2,3,1,2,1,2,0,2,5.11,Male,1,0,0,0,0,0,4,2,105,105,1,0,0,2020,FALSE
284130329,10,14,22,26,25,29,20,28,3,4,2,2,1,4,2,2,5.14,Male,1,0,0,0,0,0,4,4,113,113,2,1,1,2017,FALSE
471999773,8,12,18,19,28,29,11,34,2,5,1,2,2,4,1,4,5.26,Female,1,0,0,0,0,0,3,3,95,95,2,2,1,2018,FALSE
973180163,11,9,19,19,24,29,31,35,2,2,1,2,0,2,2,2,5.32,Female,1,0,0,0,0,0,2,2,103,103,2,1,0,2020,TRUE
748704857,9,14,19,20,21,24,33,30,2,3,1,1,1,2,0,2,5.24,Female,1,0,0,0,0,0,1,1,103,103,0,0,0,2016,FALSE
619628587,3,9,19,19,22,28,24,32,3,2,2,1,1,1,1,2,5.43,Male,1,0,0,0,0,0,3,3,97,97,1,1,1,2018,FALSE
805233930,17,23,29,30,28,32,38,27,3,4,1,2,2,4,1,2,4.76,Female,1,0,0,0,0,0,2,2,95,95,2,2,0,2018,FALSE
817500006,13,12,17,19,20,23,15,36,1,2,1,1,1,0,0,0,5.30,Female,1,0,0,0,0,0,2,1,97,97,2,0,0,2018,FALSE
815398136,15,14,18,19,23,30,19,9,2,2,1,2,1,1,2,2,5.37,Female,0,1,0,0,0,0,2,1,114,114,2,1,0,2018,FALSE
474033277,31,30,31,31,33,31,67,45,4,5,2,2,2,4,1,2,5.01,Female,1,0,0,0,0,0,3,2,114,114,2,2,2,2020,FALSE
844511538,5,11,18,9,12,21,5,17,2,1,1,1,1,1,2,1,4.97,Male,1,0,0,0,0,0,1,1,93,93,2,0,0,2018,TRUE
583025329,31,31,28,28,30,29,52,51,3,4,0,3,2,5,2,3,4.82,Female,1,0,0,0,0,0,2,2,105,105,2,1,1,2020,FALSE
473303963,11,13,18,20,25,28,17,31,1,2,1,1,1,2,1,2,5.20,Male,1,0,0,0,0,0,4,4,95,95,2,2,1,2017,TRUE
381830310,15,18,23,22,24,28,29,31,1,2,1,1,1,2,1,2,5.91,Female,1,0,0,0,0,0,2,1,113,102,2,1,0,2021,TRUE
490509913,0,0,4,3,7,9,1,0,0,1,0,1,0,1,0,1,4.67,Female,0,1,0,0,0,0,4,2,89,89,0,0,0,2017,TRUE
318603881,10,13,27,21,23,24,25,36,1,3,1,1,2,2,1,2,5.11,Male,1,0,0,0,0,0,2,2,104,98,2,0,0,2021,FALSE
752151819,10,12,21,20,26,30,15,34,2,1,1,1,1,2,1,1,5.04,Female,0,0,1,0,0,0,6,6,91,91,2,0,0,2020,FALSE
688194348,3,13,22,19,25,27,3,0,1,3,1,2,0,2,0,2,4.76,Male,1,0,0,0,0,0,2,1,95,95,2,2,0,2018,FALSE
179924013,11,16,23,25,27,29,18,42,1,4,1,2,1,4,0,2,4.76,Male,0,0,1,0,0,0,4,3,95,92,1,1,1,2021,FALSE
936815913,30,29,30,30,31,31,37,48,2,2,2,2,3,2,2,2,5.64,Female,0,0,1,0,0,0,2,1,109,109,2,1,1,2020,FALSE
784607175,3,8,19,14,16,21,8,17,2,2,1,1,0,3,2,2,5.35,Male,1,0,0,0,0,0,1,1,104,98,2,2,0,2021,TRUE
882801397,23,26,29,28,30,29,39,41,4,4,2,2,2,4,3,4,5.32,Female,1,0,0,0,0,0,4,3,99,94,2,1,2,2021,FALSE
701886309,26,23,32,28,29,29,17,38,1,3,1,2,1,2,1,2,4.56,Female,1,0,0,0,0,0,2,1,109,109,2,1,1,2020,FALSE
358533809,5,10,17,17,19,23,28,35,1,2,1,1,1,1,1,2,5.49,Female,0,1,0,0,0,0,3,2,95,95,2,0,0,2020,FALSE
459494380,6,12,21,20,25,29,13,34,2,3,1,2,0,2,0,1,5.29,Male,0,1,0,0,0,0,3,2,110,110,2,1,1,2018,TRUE
319112265,4,9,14,12,23,27,7,19,0,2,1,1,0,2,2,2,5.65,Female,0,1,0,0,0,0,4,4,97,97,2,0,0,2018,TRUE
478562655,4,10,9,12,12,13,8,10,1,1,0,1,0,2,1,1,5.38,Female,1,0,0,0,0,0,3,3,112,112,2,2,2,2018,TRUE
811478675,21,24,26,25,25,31,38,37,4,4,2,4,4,5,2,4,5.67,Male,1,0,0,0,0,0,3,2,120,120,2,1,0,2017,FALSE
760507526,7,15,23,24,23,29,13,34,2,2,1,1,1,2,1,0,4.84,Male,1,0,0,0,0,0,1,1,94,94,0,0,0,2018,TRUE
472746213,7,12,21,19,26,30,13,21,0,2,1,2,1,3,0,2,4.97,Female,1,0,0,0,0,0,2,1,116,116,2,1,1,2017,FALSE
249667864,15,15,23,20,31,30,23,40,2,4,1,1,1,2,1,2,5.50,Male,1,0,0,0,0,0,2,1,95,95,0,0,0,2020,FALSE
339268987,12,14,26,30,31,29,17,43,2,2,2,2,4,5,2,2,5.81,Male,1,0,0,0,0,0,2,1,105,105,2,1,1,2020,FALSE
764433661,0,15,21,20,22,27,25,29,1,2,1,2,2,2,0,2,4.85,Female,1,0,0,0,0,0,2,2,97,94,1,1,1,2021,FALSE
836051184,16,15,21,22,24,29,46,34,2,4,1,2,2,4,1,2,5.31,Male,1,0,0,0,0,0,3,1,95,95,2,1,2,2017,FALSE
671329593,11,14,19,23,23,27,16,46,1,3,0,1,1,2,2,2,5.02,Female,1,0,0,0,0,0,1,1,103,103,2,0,0,2020,FALSE
908007212,5,7,18,19,24,24,22,27,2,3,1,1,0,0,0,2,4.58,Male,1,0,0,0,0,0,4,3,97,97,0,0,0,2017,TRUE
673580990,18,21,29,29,30,27,7,38,2,4,1,2,2,3,2,2,5.29,Female,0,0,1,0,0,0,1,1,105,105,2,2,0,2020,FALSE
156296664,13,18,24,27,29,29,40,44,3,4,2,2,2,4,1,3,5.15,Male,1,0,0,0,0,0,5,2,117,108,2,2,1,2021,FALSE
972193020,3,13,18,14,23,25,24,38,2,3,1,2,2,1,2,2,5.39,Male,1,0,0,0,0,0,2,1,92,92,2,0,0,2018,FALSE
943533303,19,15,19,25,27,31,21,29,2,4,1,2,2,2,2,3,4.71,Female,1,0,0,0,0,0,3,1,104,104,2,1,1,2020,FALSE
576317743,20,19,20,23,23,26,32,19,2,2,1,1,2,1,1,2,4.87,Female,1,0,0,0,0,0,5,4,95,92,0,0,0,2021,FALSE
136898467,4,4,14,16,14,21,7,20,0,1,0,1,0,2,1,0,5.08,Male,0,1,0,0,0,0,2,2,116,104,2,2,2,2021,TRUE
622685871,6,14,18,15,23,28,10,33,2,4,1,2,2,2,1,2,5.02,Male,1,0,0,0,0,0,1,1,100,100,2,2,2,2018,FALSE
170240923,5,10,22,17,23,25,22,28,2,2,1,1,0,4,1,2,5.28,Female,0,0,0,0,1,0,3,2,114,114,2,0,0,2016,FALSE
157422934,18,20,25,24,27,30,14,46,2,4,2,2,2,4,2,3,5.58,Male,1,0,0,0,0,0,2,1,104,104,2,1,2,2020,FALSE
752550022,16,16,23,22,25,31,31,40,3,3,2,2,2,2,2,2,5.45,Male,1,0,0,0,0,0,3,2,98,98,2,1,1,2018,FALSE
245617119,8,11,20,24,25,28,24,31,3,3,2,2,1,2,1,2,5.27,Female,1,0,0,0,0,0,2,1,95,95,2,1,2,2017,FALSE
119373124,14,20,23,27,31,30,14,48,1,2,2,2,2,2,0,2,5.53,Male,1,0,0,0,0,0,1,1,114,114,2,2,2,2020,FALSE
842982707,9,13,22,20,27,31,16,32,2,3,1,1,1,2,2,2,5.46,Female,1,0,0,0,0,0,1,1,103,103,1,0,1,2020,FALSE
298100679,17,16,23,24,25,27,34,34,2,4,1,2,0,2,0,2,5.13,Female,1,0,0,0,0,0,3,1,102,102,2,2,0,2016,FALSE
649072813,8,13,19,26,30,31,22,33,0,4,1,2,0,2,2,2,5.51,Male,1,0,0,0,0,0,3,2,114,114,2,1,2,2016,FALSE
750568858,12,12,17,15,16,19,27,33,1,4,0,1,0,2,0,0,5.53,Male,1,0,0,0,0,0,1,1,97,97,0,0,0,2017,TRUE
813122534,9,15,29,28,31,32,24,30,1,2,1,1,2,3,2,1,4.98,Female,1,0,0,0,0,0,2,1,114,114,2,0,0,2018,FALSE
968223967,7,14,20,15,23,22,5,9,2,2,1,1,1,3,1,2,5.47,Male,0,0,0,0,1,0,3,3,92,87,2,2,1,2021,TRUE
546905409,7,18,24,20,24,28,27,38,2,4,1,2,2,2,2,2,4.90,Male,1,0,0,0,0,0,2,2,113,102,2,1,1,2021,FALSE
734936038,1,7,17,15,15,15,2,9,1,2,0,1,1,2,1,1,5.34,Female,0,1,0,0,0,1,6,4,102,102,0,0,0,2016,FALSE
695808416,17,20,32,29,27,29,50,37,4,5,2,2,2,3,2,2,5.78,Male,1,0,0,0,0,0,1,1,95,95,2,2,1,2018,FALSE
643254050,2,7,13,16,14,22,6,4,0,2,0,1,0,1,0,1,5.10,Male,0,1,0,0,0,0,1,1,93,93,1,0,0,2017,FALSE
243802373,1,5,15,12,9,16,4,29,1,2,1,1,1,1,1,2,5.19,Male,0,1,0,0,0,0,3,2,95,95,2,0,0,2020,TRUE
669432104,12,13,27,30,30,30,29,33,1,3,1,2,2,2,0,2,5.74,Male,1,0,0,0,0,0,3,2,101,101,2,0,0,2016,FALSE
962412906,6,17,19,22,26,30,37,31,1,3,1,1,1,2,0,1,4.82,Female,1,0,0,0,0,0,2,1,114,114,2,1,1,2017,FALSE
250230059,11,12,20,21,25,29,16,31,3,3,1,2,2,2,2,2,5.25,Female,1,0,0,0,0,0,2,2,114,114,2,2,2,2018,FALSE
672471905,11,13,22,18,21,28,23,39,2,3,1,2,3,4,2,2,5.59,Female,1,0,0,0,0,0,2,2,120,120,2,0,1,2017,FALSE
605491902,22,23,30,32,30,31,47,48,3,2,1,2,1,2,2,1,5.56,Female,1,0,0,0,0,0,3,3,109,109,2,0,0,2020,FALSE
124333293,3,16,19,24,26,28,15,27,1,2,1,1,1,1,0,0,4.63,Female,0,1,0,0,0,0,3,3,99,99,2,0,0,2017,FALSE
875169670,15,13,22,26,30,30,35,51,3,5,2,3,3,5,2,4,5.69,Male,1,0,0,0,0,0,2,1,104,104,2,2,1,2020,FALSE
252752573,16,16,22,23,31,30,27,31,0,2,1,2,1,2,0,2,5.28,Female,1,0,0,0,0,0,2,1,116,116,2,1,2,2018,FALSE
813188992,16,21,25,21,29,31,27,49,2,4,1,2,2,1,1,2,5.56,Female,0,0,1,0,0,0,3,2,103,103,2,2,2,2020,FALSE
305085218,13,13,24,27,27,31,35,35,1,3,1,2,1,2,0,2,4.94,Male,1,0,0,0,0,0,2,2,102,102,0,0,0,2017,FALSE
659161413,15,20,21,25,28,29,31,44,2,2,1,1,1,3,2,2,4.56,Female,1,0,0,0,0,0,1,1,95,95,1,1,1,2020,FALSE
153701997,24,25,27,30,31,30,48,47,4,5,3,3,4,5,2,2,5.19,Male,1,0,0,0,0,0,2,1,113,105,2,2,2,2021,FALSE
928603430,8,14,19,29,30,32,30,32,2,3,1,2,0,2,2,2,5.05,Female,1,0,0,0,0,0,1,1,116,116,0,0,0,2018,FALSE
428851695,15,17,25,26,29,30,28,46,3,5,0,2,1,3,1,2,5.20,Male,1,0,0,0,0,0,2,2,95,93,0,0,0,2021,FALSE
425054772,18,22,25,25,28,30,14,37,2,2,1,1,1,3,2,2,4.70,Male,1,0,0,0,0,0,1,1,97,97,2,2,2,2017,FALSE
356020105,5,16,27,25,25,30,15,12,5,4,4,4,4,4,2,3,5.04,Male,0,1,0,0,0,0,2,2,117,108,1,2,2,2021,FALSE
885535140,9,15,19,27,28,28,18,33,2,2,1,1,1,0,0,1,5.13,Female,0,1,0,0,0,1,2,2,102,102,2,0,0,2020,FALSE
100339934,4,16,17,17,20,25,22,33,1,3,1,2,0,2,2,2,5.18,Male,1,0,0,0,0,0,4,2,114,114,2,0,1,2017,FALSE
451167787,5,10,18,18,16,25,31,29,2,3,1,1,2,4,2,2,5.72,Female,1,0,0,0,0,0,4,2,94,94,2,2,2,2020,FALSE
493371601,1,19,18,20,24,28,10,21,1,2,1,1,1,2,1,2,5.38,Male,1,0,0,0,0,0,3,2,90,90,2,1,2,2017,FALSE
653683212,25,27,30,24,28,30,33,39,3,4,1,2,1,5,0,3,4.85,Female,1,0,0,0,0,0,1,1,113,113,2,2,2,2020,FALSE
692915350,29,28,28,31,29,30,45,43,3,4,1,3,1,0,0,2,5.27,Female,1,0,0,0,0,0,2,2,114,114,2,0,1,2020,FALSE
164639694,1,15,15,10,16,23,7,18,2,1,1,2,0,1,0,2,4.89,Male,0,1,0,0,0,1,1,1,120,120,1,0,0,2020,FALSE
488331061,19,24,24,25,29,31,50,34,3,3,2,2,1,2,1,2,5.52,Female,1,0,0,0,0,0,2,1,90,90,2,2,2,2018,FALSE
620962233,24,32,30,31,31,30,30,42,2,2,1,2,2,2,1,2,5.65,Female,1,0,0,0,0,0,2,1,109,109,2,1,2,2020,FALSE
516214280,7,13,19,23,26,30,11,14,1,2,1,1,1,1,1,2,5.53,Female,0,1,0,0,0,1,3,1,99,94,2,1,1,2021,FALSE
861055463,1,4,14,13,13,15,11,21,1,1,0,1,1,1,0,1,5.13,Male,1,0,0,0,0,0,1,1,97,97,0,0,0,2016,FALSE
993187670,16,16,23,23,22,28,40,43,3,4,2,2,2,2,0,3,5.25,Female,1,0,0,0,0,0,2,2,104,104,1,1,1,2020,FALSE
472555884,6,18,19,21,20,25,14,27,2,2,1,2,1,2,2,2,5.34,Male,0,1,0,0,0,0,2,1,90,90,2,2,1,2017,FALSE
390366078,8,11,21,20,22,27,17,29,1,2,1,1,1,3,0,2,4.75,Female,1,0,0,0,0,0,3,1,102,102,2,0,1,2016,FALSE
818095660,10,18,24,29,28,27,14,30,2,3,1,2,1,2,2,2,4.54,Female,1,0,0,0,0,0,2,1,114,114,2,2,1,2016,FALSE
945275578,7,11,16,17,18,24,22,29,2,2,0,1,0,1,0,1,5.29,Male,0,1,0,0,0,1,3,1,95,95,2,0,0,2018,FALSE
947423768,16,17,19,20,23,29,26,34,1,4,1,2,1,3,2,2,5.45,Female,1,0,0,0,0,0,2,1,90,90,0,0,0,2017,FALSE
540909357,28,29,30,30,31,31,22,46,2,3,1,2,1,2,2,2,5.75,Female,1,0,0,0,0,0,2,1,109,109,2,2,2,2020,FALSE
115651767,13,14,20,21,22,25,14,33,1,2,1,1,1,1,0,2,4.99,Female,0,1,0,0,0,1,3,2,116,104,2,2,1,2021,FALSE
779645855,-1,4,15,13,16,17,7,11,1,2,0,0,0,0,0,1,5.54,Female,0,1,0,0,0,0,1,1,89,89,1,0,0,2017,FALSE
981367371,3,11,19,17,18,24,11,27,2,3,1,2,1,2,2,2,5.33,Male,1,0,0,0,0,0,3,3,90,90,1,0,0,2018,FALSE
904442282,1,12,16,19,17,23,5,16,2,1,1,0,1,1,2,1,4.84,Female,0,1,0,0,0,0,2,2,95,95,2,0,1,2018,TRUE
201671904,7,12,18,18,24,23,22,29,2,3,1,2,1,2,1,2,5.79,Female,1,0,0,0,0,0,2,2,116,116,2,1,2,2020,FALSE
588852991,3,14,12,12,17,21,5,12,2,2,1,1,1,2,0,2,5.66,Male,0,0,0,0,1,0,1,1,103,103,2,1,0,2017,TRUE
189429127,22,22,21,25,30,27,17,39,2,3,1,1,1,1,1,1,4.87,Male,1,0,0,0,0,0,1,1,90,90,0,0,0,2017,FALSE
651230781,7,11,22,17,23,27,19,34,2,3,1,1,2,3,2,2,5.30,Female,1,0,0,0,0,0,4,2,88,88,2,0,1,2017,FALSE
486883281,10,16,23,23,26,29,20,34,1,2,1,2,1,2,2,2,5.48,Female,1,0,0,0,0,0,3,1,112,112,2,0,1,2020,FALSE
402608628,11,19,26,22,23,29,15,41,2,2,1,1,1,1,0,2,5.08,Female,1,0,0,0,0,0,4,2,103,103,2,1,1,2020,FALSE
106364593,30,26,30,29,26,28,33,44,3,5,2,2,2,4,1,3,5.25,Female,1,0,0,0,0,0,6,4,95,95,2,2,1,2018,FALSE
529667829,12,20,30,32,30,28,22,32,2,2,1,2,1,3,2,2,5.48,Female,1,0,0,0,0,0,3,1,104,98,2,0,0,2021,FALSE
330496671,17,17,27,28,32,29,27,46,1,2,1,2,2,4,2,3,5.36,Male,0,0,1,0,0,0,2,1,91,89,2,0,2,2021,FALSE
329609378,15,17,19,15,15,24,18,26,2,2,1,2,0,2,0,2,5.68,Male,0,1,0,0,0,0,2,2,95,95,2,2,1,2017,FALSE
802104229,9,8,24,28,27,31,10,33,1,2,1,2,1,4,1,2,5.07,Male,1,0,0,0,0,0,1,1,94,94,2,2,1,2020,FALSE
365765526,6,7,16,22,21,26,14,23,1,3,1,1,3,5,2,3,5.27,Male,0,1,0,0,0,0,1,1,94,94,1,1,0,2020,FALSE
584748660,6,11,18,20,20,23,8,13,1,4,0,2,0,3,0,2,5.64,Male,0,0,1,0,0,1,2,1,94,94,2,2,0,2020,FALSE
673501635,11,15,23,24,26,28,17,49,2,1,2,2,3,2,2,2,6.00,Male,1,0,0,0,0,0,2,1,112,112,2,1,2,2020,FALSE
593308406,11,11,17,20,20,21,19,31,2,5,1,1,0,2,0,2,4.65,Male,1,0,0,0,0,0,2,2,94,91,2,2,2,2021,FALSE
966012086,12,18,23,25,28,29,28,37,3,5,1,4,4,4,0,2,5.93,Male,1,0,0,0,0,0,3,1,104,104,2,2,0,2016,FALSE
237265398,9,18,25,30,29,30,18,32,2,2,1,2,1,2,2,2,5.50,Male,1,0,0,0,0,0,3,1,114,114,2,0,0,2018,FALSE
938732846,4,12,22,19,19,23,7,10,0,2,1,2,0,2,1,2,5.08,Male,0,0,0,0,1,1,3,3,95,95,1,0,0,2017,TRUE
517058377,6,6,17,21,21,25,5,34,2,2,1,2,2,1,2,1,5.83,Female,0,1,0,0,0,0,3,2,120,109,2,0,2,2021,TRUE
147025439,9,14,22,22,27,26,39,36,2,3,1,1,2,2,2,2,4.93,Female,1,0,0,0,0,0,3,3,92,92,2,1,0,2018,FALSE
437725875,9,19,23,23,24,27,9,37,3,3,1,2,1,1,1,2,4.58,Male,1,0,0,0,0,0,2,2,90,90,0,0,0,2017,FALSE
711993163,6,9,23,25,25,29,14,19,1,2,0,1,1,2,1,1,5.59,Female,0,0,0,0,1,0,2,1,116,104,1,2,1,2021,FALSE
684613281,14,13,23,24,23,28,14,36,2,3,1,2,3,2,1,2,4.87,Male,1,0,0,0,0,0,3,2,97,97,0,0,0,2016,FALSE
857119080,-3,15,14,13,18,26,14,30,2,3,1,1,0,2,0,1,5.64,Male,0,1,0,0,0,0,3,3,114,114,2,1,1,2017,TRUE
462804989,13,15,19,18,23,26,37,40,2,2,0,2,1,2,0,2,5.22,Female,1,0,0,0,0,0,3,3,97,97,1,1,0,2016,FALSE
390745633,15,18,25,27,30,29,44,40,1,2,1,1,2,2,0,2,5.52,Female,1,0,0,0,0,0,4,3,112,112,2,0,0,2018,FALSE
795513598,4,8,17,16,24,26,11,27,3,2,2,2,3,4,2,2,5.30,Male,0,1,0,0,0,0,1,1,102,97,2,1,0,2021,FALSE
621953489,13,19,27,28,28,28,17,34,0,3,1,2,1,2,0,2,5.65,Female,1,0,0,0,0,0,2,1,101,101,2,1,0,2016,FALSE
372951645,9,9,18,19,21,23,22,33,2,3,1,1,1,2,2,2,5.58,Female,0,1,0,0,0,1,2,1,95,95,2,2,0,2018,TRUE
213747579,18,19,25,24,24,28,24,33,2,3,1,2,0,4,1,2,5.32,Female,1,0,0,0,0,0,2,2,95,95,2,2,2,2018,FALSE
335586342,12,13,21,19,24,26,19,32,2,3,1,2,1,1,1,1,5.10,Female,1,0,0,0,0,0,3,3,120,120,0,0,0,2018,FALSE
208875762,17,21,25,30,30,32,31,38,4,2,2,2,3,5,2,2,6.08,Male,0,1,0,0,0,0,2,2,114,114,2,1,2,2020,FALSE
130006070,5,11,17,18,26,28,17,30,2,4,1,2,2,2,1,2,5.09,Male,1,0,0,0,0,0,3,2,100,100,1,0,0,2018,FALSE
975510324,19,19,26,32,29,29,19,37,1,4,1,1,0,2,0,2,5.62,Female,1,0,0,0,0,0,2,1,114,114,2,2,2,2016,FALSE
248200033,6,14,16,15,19,17,6,18,1,2,0,1,1,3,0,2,5.61,Male,0,1,0,0,0,0,3,3,108,108,2,1,2,2018,TRUE
191933881,12,9,17,19,23,25,30,36,2,2,1,2,1,2,0,2,5.46,Male,0,1,0,0,0,0,2,2,95,95,2,0,0,2020,FALSE
380513987,22,17,26,25,28,30,34,40,3,4,3,2,4,4,1,1,5.40,Male,1,0,0,0,0,0,2,1,120,120,2,2,0,2018,FALSE
988420032,10,15,20,21,25,26,45,42,3,3,1,2,1,4,2,2,5.12,Male,1,0,0,0,0,0,2,1,104,104,2,2,2,2020,FALSE
207872602,11,16,22,20,23,25,14,27,2,3,1,1,1,2,0,0,5.10,Female,1,0,0,0,0,0,2,2,97,97,2,1,0,2020,FALSE
128376499,4,8,23,26,28,30,10,39,1,3,1,2,0,2,0,2,4.57,Male,1,0,0,0,0,0,4,4,95,94,2,0,0,2021,FALSE
423013662,13,16,22,23,24,28,8,26,2,1,1,1,1,2,0,1,5.05,Female,1,0,0,0,0,0,4,3,88,88,2,2,2,2018,FALSE
459526375,5,9,17,15,17,20,20,28,0,3,1,1,0,2,0,2,5.27,Female,0,0,0,0,1,1,2,2,116,116,2,2,2,2020,TRUE
377388176,12,18,21,22,22,31,35,33,2,4,2,2,3,4,2,4,5.28,Female,1,0,0,0,0,0,1,1,97,97,0,0,0,2017,FALSE
882377570,18,21,20,25,26,28,27,35,2,3,1,2,1,2,2,2,4.88,Female,0,0,1,0,0,0,6,5,95,95,1,0,0,2018,FALSE
756883885,11,18,23,21,23,26,32,38,2,2,1,1,1,1,1,2,5.92,Female,1,0,0,0,0,0,3,3,108,108,2,1,2,2020,FALSE
273180401,7,11,19,20,24,28,17,39,1,2,0,2,1,2,0,1,5.64,Female,0,1,0,0,0,0,2,2,114,114,2,0,0,2020,FALSE
768090990,14,12,15,16,18,27,10,19,1,2,1,2,1,1,0,2,4.95,Male,1,0,0,0,0,0,2,1,95,95,2,0,0,2017,TRUE
168420239,11,12,20,22,22,22,50,31,2,5,2,3,1,4,2,3,5.83,Male,1,0,0,0,0,0,3,2,103,103,2,1,1,2017,FALSE
885934735,4,9,19,17,18,23,14,24,1,2,0,2,1,2,1,2,5.33,Female,1,0,0,0,0,0,1,1,103,103,0,0,0,2017,FALSE
225833762,8,18,29,24,27,26,28,30,3,3,1,2,2,2,1,2,5.67,Female,1,0,0,0,0,0,2,1,108,108,2,1,2,2018,FALSE
809685379,11,12,17,14,17,30,45,34,1,2,1,1,1,3,0,0,5.22,Female,1,0,0,0,0,0,2,2,97,97,0,0,0,2018,FALSE
712723904,15,20,24,25,27,29,20,38,3,2,2,3,2,4,1,4,5.76,Male,1,0,0,0,0,0,1,1,96,96,2,1,1,2020,FALSE
885623889,4,16,14,8,15,22,1,15,0,3,0,1,0,2,0,1,5.31,Female,0,1,0,0,0,1,3,1,101,101,2,0,0,2018,TRUE
133667445,10,13,23,19,27,31,27,30,0,4,1,2,1,1,2,2,4.93,Female,1,0,0,0,0,0,2,2,114,114,0,0,0,2017,FALSE
904568999,8,10,17,12,12,17,9,25,1,3,1,2,1,2,0,0,5.26,Male,0,1,0,0,0,0,2,1,89,89,1,1,0,2017,FALSE
779280853,11,19,22,25,25,30,22,32,0,2,0,1,1,1,1,2,5.00,Female,1,0,0,0,0,0,2,1,103,103,2,2,2,2020,FALSE
442255485,15,14,23,24,30,28,24,44,2,3,1,2,1,2,2,2,5.33,Male,0,1,0,0,0,0,2,1,104,104,2,2,2,2020,FALSE
628573948,3,15,17,23,24,31,27,27,4,4,1,2,2,3,2,1,5.10,Female,0,1,0,0,0,1,4,4,102,102,2,2,1,2017,FALSE
124288794,4,18,25,24,27,28,22,23,2,3,1,2,2,1,1,2,6.28,Female,0,1,0,0,0,0,2,2,117,108,1,1,1,2021,FALSE
169290635,11,21,22,29,30,29,25,36,1,3,1,2,1,2,1,2,5.33,Female,1,0,0,0,0,0,4,2,114,114,2,2,1,2016,FALSE
957184175,4,10,23,20,25,25,15,35,2,2,1,1,0,3,2,2,4.68,Female,1,0,0,0,0,0,2,1,120,109,2,2,2,2021,TRUE
289718320,17,20,22,22,24,30,9,38,3,4,1,1,1,3,2,2,5.84,Female,1,0,0,0,0,0,1,1,97,97,1,0,0,2017,FALSE
896786085,11,17,19,19,24,24,14,29,1,4,2,2,1,4,1,2,5.04,Male,1,0,0,0,0,0,3,2,114,114,2,1,1,2020,FALSE
114315000,8,16,22,19,25,30,16,28,2,3,1,1,1,2,2,2,5.23,Male,1,0,0,0,0,0,2,1,114,114,1,1,0,2016,FALSE
251413439,12,17,21,17,23,28,10,23,1,3,1,1,0,2,2,2,5.18,Male,1,0,0,0,0,0,5,1,114,114,2,0,0,2016,FALSE
620365020,9,13,18,23,23,26,24,34,3,2,1,1,1,2,0,2,5.51,Female,1,0,0,0,0,0,3,2,95,92,1,0,0,2021,FALSE
482913587,13,17,20,20,23,26,31,33,1,3,1,2,1,2,1,2,4.74,Female,0,0,1,0,0,0,4,4,117,117,2,1,2,2018,TRUE
614433034,17,17,20,19,19,28,37,33,3,4,1,1,1,2,0,2,5.14,Male,1,0,0,0,0,0,2,2,93,93,2,0,0,2017,FALSE
411606205,25,31,30,31,30,30,34,35,0,4,1,2,3,1,2,2,4.92,Male,1,0,0,0,0,0,2,2,109,109,2,2,1,2020,FALSE
260172785,9,12,22,22,32,31,16,28,2,3,1,1,1,2,2,2,5.14,Male,1,0,0,0,0,0,6,6,95,95,1,0,0,2020,FALSE
214841916,9,17,24,23,23,29,23,36,2,3,1,1,1,4,1,2,5.40,Male,0,1,0,0,0,0,2,2,113,113,2,0,0,2018,FALSE
480753676,18,15,29,24,25,32,23,33,2,2,1,2,2,1,0,2,5.10,Female,0,1,0,0,0,0,3,1,115,115,2,1,0,2017,FALSE
132881217,16,15,16,24,24,28,18,32,2,3,1,2,1,2,2,1,5.47,Male,1,0,0,0,0,0,3,3,97,99,2,1,0,2017,TRUE
642625918,19,18,22,25,25,29,31,30,2,2,1,2,1,2,1,2,4.81,Female,1,0,0,0,0,0,3,2,95,95,2,1,1,2018,FALSE
802909544,16,22,25,23,26,29,17,42,2,4,1,2,1,5,2,2,5.07,Female,1,0,0,0,0,0,1,1,96,95,2,0,0,2021,FALSE
663608149,12,15,20,21,23,30,16,39,2,2,1,1,1,2,1,2,5.65,Male,0,1,0,0,0,0,2,2,101,101,2,0,2,2020,FALSE
371378429,9,16,19,19,22,25,23,32,2,4,1,2,3,4,0,2,5.22,Female,1,0,0,0,0,0,3,3,95,95,2,0,2,2018,FALSE
821410612,14,20,24,23,28,30,35,29,1,3,1,2,2,3,0,3,4.64,Female,0,0,1,0,0,0,2,2,99,99,2,1,1,2017,FALSE
381877922,24,29,33,27,30,27,46,43,3,4,1,2,2,2,1,2,5.72,Female,1,0,0,0,0,0,2,1,109,109,1,0,0,2020,FALSE
474161161,12,14,17,25,25,30,22,31,2,4,2,2,1,4,1,2,5.81,Male,1,0,0,0,0,0,2,1,114,114,2,0,1,2017,FALSE
251670997,7,10,20,24,26,29,22,46,2,2,1,2,1,2,0,2,5.33,Male,0,1,0,0,0,0,1,1,114,102,2,2,0,2021,FALSE
248710964,7,14,17,16,19,19,16,39,1,2,1,1,0,2,2,2,5.04,Female,1,0,0,0,0,0,7,5,97,97,2,1,1,2020,FALSE
477687186,7,11,20,17,19,29,8,27,2,3,1,2,0,1,2,2,5.39,Male,0,1,0,0,0,0,2,1,120,109,2,2,2,2021,FALSE
195403002,6,10,23,21,24,26,6,21,1,2,1,1,0,0,0,1,5.52,Male,0,1,0,0,0,0,3,2,101,101,1,0,0,2016,TRUE
669583081,12,16,19,21,29,30,17,39,3,3,2,2,2,3,2,2,5.37,Male,1,0,0,0,0,0,1,1,120,120,2,1,1,2020,FALSE
678566138,20,23,30,31,30,30,52,48,5,5,2,2,4,5,2,4,5.64,Male,1,0,0,0,0,0,2,1,114,114,2,1,2,2020,FALSE
534959940,6,12,17,10,10,23,18,19,1,2,1,1,1,1,2,2,5.72,Female,1,0,0,0,0,0,2,1,109,109,2,1,1,2020,FALSE
897030676,10,15,20,19,18,23,26,23,1,2,0,1,0,2,2,2,5.27,Female,0,1,0,0,0,0,3,3,95,95,2,0,0,2018,FALSE
943628200,2,13,18,16,21,22,11,19,2,2,1,2,0,1,0,1,5.35,Male,0,1,0,0,0,0,3,2,101,101,2,0,1,2016,FALSE
459202456,15,17,20,20,24,28,52,37,3,5,1,2,2,5,1,3,4.87,Male,1,0,0,0,0,0,4,4,120,120,2,1,2,2017,FALSE
160727620,3,12,14,14,14,15,7,10,0,1,0,1,0,1,0,2,5.03,Male,0,1,0,0,0,1,2,2,95,95,2,0,0,2017,TRUE
405575327,9,12,17,16,20,23,23,35,2,2,1,2,2,2,2,2,5.57,Female,1,0,0,0,0,0,4,2,113,113,1,0,1,2018,FALSE
799679427,16,19,25,27,29,33,15,42,3,3,1,2,2,2,2,2,5.35,Female,1,0,0,0,0,0,3,3,105,105,1,0,1,2020,FALSE
298763566,9,13,17,19,24,29,25,30,0,2,1,1,2,2,1,2,4.87,Male,0,0,0,0,1,0,2,1,110,110,2,1,1,2018,FALSE
418800752,24,25,28,31,26,29,19,33,2,3,2,2,2,2,0,2,4.83,Female,1,0,0,0,0,0,3,2,101,101,2,2,1,2016,FALSE
227449925,12,12,19,22,27,29,27,31,2,3,1,1,2,1,1,2,4.95,Female,1,0,0,0,0,0,2,1,101,101,2,2,1,2020,FALSE
967443196,8,17,18,23,23,25,22,33,1,4,1,2,1,2,1,2,5.52,Female,1,0,0,0,0,0,4,4,94,94,2,0,0,2020,FALSE
161102036,17,19,32,30,28,26,27,38,4,4,2,2,4,3,3,2,5.20,Male,1,0,0,0,0,0,3,1,95,95,0,0,0,2017,FALSE
264930637,9,18,24,25,30,32,7,33,3,4,1,2,1,2,0,0,4.99,Male,1,0,0,0,0,0,2,1,116,116,2,0,0,2018,FALSE
701799077,15,18,26,29,30,30,34,48,4,5,3,3,3,4,2,2,4.91,Male,1,0,0,0,0,0,1,1,91,89,2,0,0,2021,FALSE
582441876,21,30,31,30,31,30,52,46,2,3,1,2,1,1,1,2,5.21,Female,1,0,0,0,0,0,2,2,109,109,2,1,0,2020,FALSE
521068877,1,5,16,22,23,28,3,4,0,3,1,1,0,2,1,2,4.68,Female,1,0,0,0,0,0,3,3,95,95,0,0,0,2020,FALSE
476939540,9,15,19,23,21,27,21,28,2,4,1,2,1,2,0,2,5.81,Male,1,0,0,0,0,0,2,2,95,95,2,1,1,2017,FALSE
703990732,7,13,21,22,23,27,34,33,2,3,1,1,3,2,2,2,5.16,Male,1,0,0,0,0,0,2,1,102,102,2,2,1,2016,FALSE
153829285,4,18,22,20,23,27,10,0,2,3,1,2,1,2,1,2,5.42,Male,0,1,0,0,0,1,2,1,93,93,2,2,0,2018,FALSE
563417016,9,15,19,24,26,28,39,39,2,2,2,2,2,2,1,2,5.89,Male,1,0,0,0,0,0,2,1,120,120,2,2,2,2018,FALSE
132376075,16,18,19,17,20,24,26,22,1,2,1,1,1,1,1,2,5.48,Female,0,1,0,0,0,0,2,1,94,94,2,2,2,2018,TRUE
693401260,5,12,19,20,25,25,10,21,1,2,1,1,1,1,0,2,5.19,Female,0,1,0,0,0,0,3,3,108,108,2,0,2,2018,TRUE
805907523,25,26,31,31,29,32,27,37,4,4,2,4,2,5,2,2,5.90,Female,1,0,0,0,0,0,1,1,101,101,2,2,0,2017,FALSE
826057517,7,10,16,19,20,29,25,28,2,4,1,2,2,0,2,2,4.92,Female,0,0,0,0,1,0,2,2,120,116,1,1,1,2017,FALSE
529722936,9,14,25,24,23,24,23,31,0,2,1,2,0,1,0,2,5.36,Female,1,0,0,0,0,0,3,1,95,95,2,0,0,2018,FALSE
112746417,3,14,19,16,19,21,5,12,2,3,1,2,1,3,1,2,5.62,Female,1,0,0,0,0,0,6,4,95,95,2,0,0,2017,TRUE
393514037,8,17,20,21,27,29,17,33,2,2,1,1,2,1,2,2,5.58,Female,0,1,0,0,0,0,1,1,113,113,1,1,0,2018,FALSE
228491633,14,14,25,18,27,28,13,31,2,4,1,2,2,3,2,2,4.72,Male,1,0,0,0,0,0,3,2,109,109,2,1,2,2018,TRUE
146840468,9,17,16,18,22,28,48,36,2,4,1,2,3,2,1,2,5.40,Male,1,0,0,0,0,0,3,3,95,95,1,1,0,2018,FALSE
758151316,11,11,17,19,17,23,25,36,1,3,2,2,2,2,2,2,5.39,Male,0,1,0,0,0,0,2,2,113,113,2,2,0,2020,FALSE
989881483,10,14,18,19,22,27,24,31,3,3,1,2,2,2,2,2,5.98,Male,0,1,0,0,0,0,1,1,117,117,2,1,2,2018,FALSE
407508706,28,30,31,32,31,30,49,49,3,4,1,2,1,4,2,2,4.99,Female,1,0,0,0,0,0,4,3,114,114,2,2,2,2020,FALSE
932286006,3,14,21,19,22,26,17,31,0,2,1,2,1,0,0,2,5.23,Male,1,0,0,0,0,0,2,1,95,95,2,0,0,2017,TRUE
940973698,11,16,23,27,30,28,21,41,2,2,1,1,0,2,0,0,5.55,Male,0,1,0,0,0,1,2,1,114,104,2,1,0,2021,FALSE
765420587,3,11,22,22,26,29,4,13,1,2,1,2,1,3,0,2,5.11,Male,0,1,0,0,0,0,3,1,95,92,2,2,2,2021,FALSE
397783618,17,27,28,31,30,29,17,51,2,4,1,2,0,3,1,2,5.19,Female,1,0,0,0,0,0,3,1,95,95,2,2,0,2020,FALSE
360171239,21,21,24,32,29,29,24,32,0,4,1,2,2,4,0,0,5.27,Male,1,0,0,0,0,0,2,2,101,101,2,2,2,2016,FALSE
466251021,3,7,12,12,16,27,4,1,1,2,0,1,0,2,1,2,4.61,Female,0,1,0,0,0,1,4,3,97,97,1,0,0,2018,TRUE
859686786,8,11,17,23,23,27,37,28,2,2,2,1,2,3,2,2,5.68,Female,1,0,0,0,0,0,3,3,120,120,2,1,2,2018,FALSE
575596178,15,19,27,32,29,31,34,31,4,5,2,2,4,5,2,3,5.20,Female,1,0,0,0,0,0,2,2,97,97,0,0,0,2017,FALSE
114873694,9,15,17,23,22,26,19,20,2,4,1,1,0,2,0,2,5.40,Male,1,0,0,0,0,0,2,2,78,78,2,0,1,2020,FALSE
824291261,9,14,19,23,28,29,24,27,3,3,2,2,2,3,2,2,5.88,Male,1,0,0,0,0,0,4,3,115,115,2,1,0,2017,FALSE
846852976,0,6,17,16,18,23,6,13,1,2,0,1,0,1,0,1,5.65,Male,0,1,0,0,0,0,1,1,90,90,0,0,0,2018,TRUE
555063877,26,28,28,28,31,32,47,37,4,5,2,4,4,5,2,4,5.64,Male,1,0,0,0,0,0,3,2,101,101,0,0,0,2017,FALSE
239816627,7,14,19,17,20,24,11,23,2,2,1,2,1,2,1,1,6.15,Male,0,1,0,0,0,1,6,3,99,99,2,0,0,2020,FALSE
566739411,10,17,23,19,21,29,16,4,0,2,0,2,0,2,0,2,5.73,Female,1,0,0,0,0,0,2,2,94,94,0,0,0,2017,FALSE
515298953,7,10,17,20,23,26,23,29,1,3,0,2,0,2,0,2,6.25,Female,0,1,0,0,0,0,1,1,78,78,0,0,0,2021,FALSE
186219607,11,18,25,23,24,27,23,25,1,3,0,1,0,2,1,2,4.83,Female,0,1,0,0,0,0,4,2,104,104,2,2,0,2020,FALSE
594449357,10,11,16,25,28,30,30,33,3,5,2,2,3,5,2,3,4.73,Male,1,0,0,0,0,0,3,3,107,96,2,2,0,2021,FALSE
938224395,7,5,18,21,22,25,10,22,1,3,1,2,1,2,2,2,4.81,Female,1,0,0,0,0,0,1,1,120,120,0,0,0,2016,FALSE
735958089,1,10,13,13,17,24,4,4,1,2,0,1,0,1,1,2,5.18,Female,0,0,0,0,1,0,3,3,96,95,2,2,1,2021,TRUE
805103875,18,17,22,17,23,25,21,40,1,2,1,2,1,2,1,2,5.40,Male,0,1,0,0,0,0,2,1,104,104,2,2,2,2020,FALSE
643966480,2,5,17,14,12,18,5,-2,0,1,0,1,0,2,0,0,4.86,Female,0,1,0,0,0,0,1,1,97,97,0,0,0,2018,TRUE
726868938,2,12,18,19,22,27,38,39,2,4,1,1,1,2,2,2,5.35,Female,1,0,0,0,0,0,6,4,95,95,0,0,0,2018,FALSE
861728051,16,23,29,31,30,30,52,41,2,4,1,3,1,3,2,2,5.27,Female,1,0,0,0,0,0,3,2,95,95,2,1,2,2020,FALSE
311918827,19,26,30,28,32,31,31,35,3,4,3,2,1,1,0,2,4.73,Male,0,0,1,0,0,0,2,2,109,109,2,2,0,2020,FALSE
568225931,7,12,15,16,19,24,16,28,2,2,1,1,1,0,1,0,5.68,Female,0,1,0,0,0,0,2,2,98,98,2,0,0,2017,FALSE
607555364,12,8,20,19,21,23,17,19,1,3,1,1,1,2,1,3,5.68,Female,1,0,0,0,0,0,1,1,91,89,2,1,0,2021,TRUE
446394249,10,22,27,28,30,31,28,18,2,3,1,1,0,2,0,2,5.13,Male,1,0,0,0,0,0,2,2,114,114,2,2,2,2018,FALSE
688645733,6,15,19,24,22,29,28,31,1,4,1,1,1,2,0,1,4.99,Female,1,0,0,0,0,0,2,2,97,97,2,1,2,2020,FALSE
261114017,9,14,21,19,23,28,20,31,3,4,2,2,2,4,2,1,5.00,Female,1,0,0,0,0,0,1,1,104,104,2,2,0,2020,FALSE
831927897,9,12,17,15,19,22,8,27,2,2,1,1,2,2,1,0,4.91,Female,0,1,0,0,0,1,3,2,99,99,2,1,1,2020,FALSE
167979919,7,10,19,18,21,28,27,33,1,2,0,1,1,1,1,2,5.55,Female,1,0,0,0,0,0,3,2,95,95,2,1,0,2020,FALSE
954276282,13,28,27,31,30,28,44,39,3,4,1,2,1,2,1,2,5.47,Female,1,0,0,0,0,0,2,1,95,95,2,2,2,2020,FALSE
184429604,13,18,22,17,27,28,22,33,2,3,1,2,2,4,1,2,5.19,Male,1,0,0,0,0,0,1,1,94,94,1,1,0,2017,FALSE
237707452,10,11,20,22,24,27,19,25,1,4,0,2,1,5,0,2,5.27,Female,1,0,0,0,0,0,1,1,97,93,2,1,0,2020,FALSE
114054897,2,8,20,19,20,25,16,19,1,1,1,1,1,2,0,0,5.10,Male,1,0,0,0,0,0,3,3,97,97,2,2,1,2018,FALSE
340463566,13,17,30,29,28,31,24,30,2,4,1,2,1,2,2,2,5.87,Male,1,0,0,0,0,0,2,1,103,103,0,0,0,2017,FALSE
326435219,7,10,21,20,24,28,20,31,4,3,1,2,2,2,1,2,5.44,Male,1,0,0,0,0,0,4,3,92,92,2,1,2,2018,FALSE
880905796,8,15,18,23,25,27,33,27,1,3,0,1,1,1,2,2,4.65,Female,1,0,0,0,0,0,2,1,103,103,2,2,0,2016,FALSE
598299260,3,13,17,20,21,25,6,19,2,3,1,2,1,2,1,2,5.71,Male,0,1,0,0,0,0,3,3,114,114,2,2,2,2018,TRUE
595096865,4,16,16,20,22,30,3,27,2,3,1,2,2,2,1,3,5.50,Male,0,1,0,0,0,0,3,1,95,97,1,0,0,2018,FALSE
335991299,3,15,23,24,22,25,30,35,0,2,0,2,0,3,0,2,5.72,Male,1,0,0,0,0,0,2,2,104,104,2,2,2,2020,FALSE
126701723,14,16,22,19,25,25,15,31,2,5,1,2,1,4,2,2,5.34,Male,1,0,0,0,0,0,2,2,95,95,2,0,0,2018,FALSE
134465097,24,29,29,30,32,31,49,40,3,5,1,3,2,4,2,3,5.64,Female,1,0,0,0,0,0,2,2,101,101,2,1,1,2016,FALSE
244789579,26,26,28,27,26,30,48,41,1,2,1,1,2,2,1,2,5.45,Female,1,0,0,0,0,0,2,1,105,105,1,1,1,2020,FALSE
596643680,8,16,19,21,26,28,22,28,1,2,1,1,0,0,1,2,5.64,Female,1,0,0,0,0,0,3,3,95,95,2,2,1,2018,FALSE
104224721,9,16,21,20,24,25,24,31,2,2,1,1,1,1,2,1,5.50,Female,1,0,0,0,0,0,6,3,95,95,2,0,0,2018,FALSE
945006395,1,12,12,16,10,25,4,7,1,2,0,1,1,1,0,1,5.14,Male,0,1,0,0,0,0,2,1,94,94,2,0,0,2018,FALSE
350709250,11,15,18,17,21,24,32,34,2,3,2,2,1,3,1,2,5.57,Female,1,0,0,0,0,0,3,3,95,95,2,1,2,2018,FALSE
951013913,3,0,5,2,7,9,3,7,1,1,0,1,0,1,1,1,4.52,Female,1,0,0,0,0,0,2,2,89,89,0,0,0,2017,TRUE
520894980,5,11,23,21,25,29,37,24,1,1,1,1,3,2,2,2,5.38,Female,1,0,0,0,0,0,2,1,114,114,2,2,0,2016,FALSE
391962314,10,10,21,21,22,21,5,21,1,3,0,1,0,4,0,0,5.66,Male,0,0,1,0,0,0,2,2,97,97,1,1,0,2020,FALSE
351206713,13,17,20,22,26,28,18,40,3,4,1,1,0,4,2,2,5.09,Female,1,0,0,0,0,0,1,1,120,120,2,1,2,2016,FALSE
974142691,15,12,19,18,26,29,32,39,2,4,1,1,0,2,2,2,5.15,Female,1,0,0,0,0,0,3,1,95,95,1,0,0,2020,FALSE
149981029,9,17,17,21,25,29,29,31,2,3,1,1,2,5,2,2,4.85,Male,1,0,0,0,0,0,3,2,116,116,2,2,2,2020,FALSE
862066161,15,17,30,30,26,26,14,37,0,4,1,2,2,3,0,1,5.06,Male,0,0,0,0,1,0,3,3,95,95,1,0,0,2017,FALSE
392184597,16,21,22,21,28,31,19,33,3,3,1,2,1,3,1,2,5.21,Male,1,0,0,0,0,0,2,2,112,112,2,2,2,2018,FALSE
301339948,10,14,21,19,24,28,16,39,2,2,1,2,2,4,2,2,5.12,Male,1,0,0,0,0,0,2,1,99,99,2,2,1,2020,FALSE
365275069,6,10,22,20,19,28,27,26,1,3,0,1,1,1,0,2,5.33,Female,0,0,0,0,1,0,4,2,92,92,2,2,0,2020,FALSE
338320436,10,11,18,17,22,24,52,32,2,4,1,2,1,2,2,2,5.75,Female,1,0,0,0,0,0,2,1,95,95,2,2,1,2021,FALSE
863682023,13,13,21,25,23,27,19,28,2,2,2,2,2,2,2,2,5.40,Male,0,0,1,0,0,0,2,2,88,88,1,0,0,2018,FALSE
708927687,8,14,20,15,19,23,13,26,2,2,1,2,1,2,1,2,5.71,Female,0,1,0,0,0,0,1,1,91,91,1,1,0,2020,FALSE
858231576,6,14,20,18,24,24,24,45,2,4,1,2,1,2,2,2,5.50,Male,1,0,0,0,0,0,2,2,104,104,1,1,0,2020,FALSE
555628951,17,23,22,26,27,29,32,32,3,4,2,2,0,2,2,2,5.34,Female,1,0,0,0,0,0,2,1,95,95,0,0,0,2018,FALSE
312533611,13,19,24,27,30,28,29,35,2,4,1,2,1,2,0,2,5.39,Male,1,0,0,0,0,0,3,1,101,101,2,1,1,2016,FALSE
673819730,9,13,27,30,31,29,15,40,1,3,1,2,1,2,0,2,4.70,Male,0,1,0,0,0,0,3,2,104,98,2,2,2,2021,FALSE
729664239,11,14,19,22,23,29,16,33,1,2,1,2,2,2,2,2,5.76,Female,0,0,0,0,1,0,1,1,116,116,0,0,0,2017,FALSE
493771608,13,15,19,22,26,29,13,24,0,4,1,2,2,2,1,0,5.66,Male,1,0,0,0,0,0,3,3,114,114,2,1,2,2016,FALSE
764992866,7,16,16,21,20,27,22,22,3,4,1,1,2,2,2,2,5.11,Female,1,0,0,0,0,0,3,3,97,97,2,2,2,2018,TRUE
247802567,5,14,20,22,23,29,33,42,3,3,2,2,2,2,1,2,5.78,Female,1,0,0,0,0,0,2,2,117,108,2,2,1,2021,FALSE
421652704,4,12,22,24,25,28,12,27,4,4,1,2,3,5,1,3,5.54,Female,1,0,0,0,0,0,2,2,97,97,1,0,0,2018,TRUE
262219257,9,14,25,21,23,29,24,13,3,5,2,3,2,4,1,4,5.14,Male,1,0,0,0,0,0,1,1,113,113,0,0,0,2016,FALSE
301750805,6,14,22,17,26,29,17,17,1,4,1,2,1,2,1,2,5.66,Female,0,1,0,0,0,1,1,1,95,95,1,1,0,2020,FALSE
794045949,6,14,30,29,30,30,13,27,0,2,1,2,1,4,1,2,5.69,Male,1,0,0,0,0,0,3,1,114,114,2,2,1,2016,FALSE
439413256,16,20,26,24,25,29,37,42,1,3,0,2,0,2,0,2,4.70,Female,1,0,0,0,0,0,3,1,102,102,2,1,1,2018,FALSE
830916546,2,8,19,16,18,23,12,29,1,2,1,2,0,1,2,2,5.55,Female,0,1,0,0,0,0,3,3,97,97,0,0,0,2017,TRUE
892210611,10,13,22,19,24,25,9,29,2,4,1,2,2,5,2,2,5.22,Male,1,0,0,0,0,0,3,3,99,94,2,0,0,2021,TRUE
175247015,8,17,21,21,25,29,18,29,0,2,1,1,0,2,1,1,5.59,Male,0,1,0,0,0,0,2,2,113,113,2,1,2,2018,FALSE
305417323,3,12,18,17,20,26,11,30,1,2,1,2,1,1,2,2,5.73,Female,0,1,0,0,0,1,3,3,99,94,2,2,0,2021,TRUE
351565723,9,16,27,24,27,29,19,20,1,3,1,2,0,2,0,2,5.07,Male,1,0,0,0,0,0,3,3,108,108,2,1,1,2020,FALSE
283907691,11,13,10,11,17,25,10,28,2,2,1,1,2,2,0,2,4.71,Male,1,0,0,0,0,0,3,2,90,90,1,1,1,2017,TRUE
249938539,16,22,24,31,28,27,30,36,2,2,2,2,1,2,0,3,4.97,Female,1,0,0,0,0,0,4,3,114,114,2,2,1,2018,FALSE
338581261,8,10,20,19,26,27,30,33,2,3,1,1,2,2,0,1,5.84,Female,1,0,0,0,0,0,2,1,94,91,2,2,2,2021,FALSE
525252906,4,13,16,18,21,24,2,17,1,2,1,1,0,1,1,2,4.99,Male,0,1,0,0,0,1,3,2,94,94,2,0,0,2020,FALSE
847375616,12,17,26,25,27,29,29,42,3,4,1,2,4,4,2,2,4.55,Female,1,0,0,0,0,0,1,1,94,94,2,2,2,2020,FALSE
964893875,6,10,16,18,21,27,22,33,2,3,1,1,1,1,2,2,5.25,Female,1,0,0,0,0,0,1,1,120,120,2,0,0,2020,FALSE
920140699,15,23,28,25,30,30,16,45,2,4,1,1,0,3,2,2,4.59,Female,1,0,0,0,0,0,1,1,105,105,2,2,2,2020,FALSE
326854619,9,17,23,24,25,28,51,37,2,3,2,3,2,3,2,3,5.62,Male,0,0,1,0,0,0,2,1,101,101,2,1,0,2020,FALSE
251972568,1,8,9,6,8,13,1,2,0,0,0,1,0,0,0,1,5.33,Male,0,1,0,0,0,0,1,1,114,114,0,0,0,2016,TRUE
834289508,7,8,19,11,18,24,17,36,1,1,1,1,0,2,0,2,4.90,Male,1,0,0,0,0,0,2,1,103,103,0,0,0,2018,TRUE
542340615,2,7,18,16,20,25,13,37,1,2,1,1,2,2,1,2,4.79,Female,0,1,0,0,0,0,3,3,104,98,2,1,2,2021,TRUE
891985042,8,16,22,17,23,30,4,42,1,2,1,1,0,0,0,0,5.27,Female,1,0,0,0,0,0,1,1,105,105,2,2,2,2020,FALSE
709703645,13,15,29,22,22,32,19,19,2,2,1,0,1,2,1,0,5.16,Male,0,1,0,0,0,1,2,2,99,99,2,2,0,2020,FALSE
764889462,7,14,17,26,29,30,6,34,0,3,1,1,1,2,0,2,4.82,Male,0,1,0,0,0,1,2,1,116,116,2,1,1,2018,TRUE
541239369,11,11,26,24,28,28,28,29,2,2,1,1,2,2,1,2,5.54,Male,1,0,0,0,0,0,2,2,115,115,0,0,0,2017,FALSE
926388235,12,16,26,24,25,28,7,31,1,2,1,1,1,1,1,2,5.02,Female,1,0,0,0,0,0,2,2,109,109,0,0,0,2018,FALSE
785275978,12,11,24,26,25,29,17,37,3,4,1,2,3,3,1,2,5.13,Male,1,0,0,0,0,0,2,2,113,105,2,1,1,2021,FALSE
534007799,16,17,25,23,22,24,36,35,2,4,1,2,2,2,2,2,4.76,Male,1,0,0,0,0,0,3,2,95,95,2,2,1,2018,FALSE
182511179,10,13,22,28,25,31,31,33,1,2,1,2,1,2,1,2,5.43,Female,1,0,0,0,0,0,1,1,103,103,0,0,0,2017,FALSE
867782543,14,18,22,28,29,29,16,28,3,5,2,2,1,2,2,2,4.97,Male,0,0,1,0,0,0,2,1,117,108,2,2,2,2021,FALSE
705257630,19,17,29,26,27,31,16,30,2,2,1,2,2,4,1,2,5.66,Female,1,0,0,0,0,0,3,2,103,103,2,2,2,2018,FALSE
812738678,4,7,19,23,25,28,8,23,1,3,1,2,1,2,0,0,5.32,Female,0,1,0,0,0,0,3,2,116,116,1,1,0,2016,FALSE
357663684,4,15,20,19,17,24,6,34,2,3,1,2,1,1,0,2,5.43,Male,0,1,0,0,0,0,2,2,108,108,0,0,0,2018,TRUE
652436479,10,16,16,22,23,30,23,43,2,4,1,2,5,5,2,3,5.45,Male,1,0,0,0,0,0,3,3,94,94,1,0,0,2020,FALSE
627710111,14,11,26,21,29,31,39,28,1,5,1,2,1,2,2,2,4.79,Male,1,0,0,0,0,0,2,1,114,114,2,2,2,2016,FALSE
704620011,10,14,19,15,23,29,26,48,2,0,1,2,1,2,0,2,5.44,Female,1,0,0,0,0,0,2,2,103,103,2,2,0,2020,FALSE
644206334,24,29,31,33,29,32,84,35,2,3,2,2,2,4,2,2,5.57,Female,1,0,0,0,0,0,2,1,114,114,2,0,1,2018,FALSE
487021078,19,24,31,28,30,30,31,38,2,3,1,2,1,4,2,3,5.53,Female,1,0,0,0,0,0,1,1,95,93,0,0,0,2021,FALSE
505338407,12,15,18,17,20,24,22,28,2,2,1,1,0,2,2,2,5.12,Male,0,1,0,0,0,0,3,3,112,112,2,2,2,2018,TRUE
940027080,7,11,19,23,27,27,28,21,1,2,0,2,0,1,0,2,5.05,Female,1,0,0,0,0,0,2,2,92,92,2,2,2,2018,FALSE
470808428,11,17,27,31,28,31,31,31,1,4,1,2,0,2,1,3,4.93,Female,1,0,0,0,0,0,3,1,114,114,2,2,2,2018,FALSE
888610409,11,11,21,19,24,24,36,34,3,5,2,2,2,5,2,3,5.03,Female,1,0,0,0,0,0,5,3,97,97,2,1,0,2018,FALSE
805375857,13,15,21,25,27,31,22,22,0,3,1,1,0,4,1,3,4.92,Female,1,0,0,0,0,0,2,1,112,112,2,2,2,2018,FALSE
170754235,12,13,20,19,24,28,18,28,2,4,2,2,2,4,2,2,5.40,Male,0,1,0,0,0,0,2,2,115,115,2,1,1,2018,FALSE
670349738,6,23,18,22,27,28,21,38,0,4,1,2,2,4,2,3,5.86,Female,0,0,1,0,0,1,2,2,95,95,2,0,0,2017,FALSE
203129357,13,16,25,30,29,30,41,34,2,4,2,3,2,4,2,2,5.17,Male,1,0,0,0,0,0,1,1,114,114,0,0,0,2016,FALSE
754647288,9,9,20,16,17,24,16,26,2,2,0,1,2,0,0,2,5.17,Female,0,1,0,0,0,0,3,3,108,108,1,0,0,2018,TRUE
544642648,13,24,29,25,28,28,51,46,2,3,1,2,2,2,2,2,5.70,Male,1,0,0,0,0,0,1,1,94,94,1,1,1,2020,FALSE
505026025,3,7,16,16,19,27,15,39,1,2,2,2,4,3,2,2,5.00,Female,1,0,0,0,0,0,3,3,94,94,2,1,1,2020,TRUE
637407819,3,9,17,19,21,26,9,27,0,1,1,1,0,2,0,2,5.71,Male,0,1,0,0,0,0,2,2,112,112,2,1,2,2020,FALSE
560040633,9,12,19,17,19,22,18,43,2,3,2,2,2,2,2,2,5.16,Female,0,1,0,0,0,1,1,1,99,94,0,0,0,2021,FALSE
807151667,8,13,21,16,20,20,24,28,2,2,1,1,2,3,1,2,5.28,Female,1,0,0,0,0,0,1,1,94,94,0,0,0,2017,TRUE
446128998,13,16,19,23,28,30,28,40,2,2,1,2,0,3,0,2,5.07,Male,0,1,0,0,0,0,3,3,101,101,2,1,1,2020,FALSE
993153762,7,15,22,22,25,28,10,29,2,2,1,1,1,2,1,2,4.67,Male,1,0,0,0,0,0,3,2,90,90,2,1,0,2017,FALSE
316669361,10,15,20,20,24,26,20,38,1,2,1,2,1,2,0,3,5.74,Female,0,0,0,0,1,1,3,1,95,95,1,0,0,2018,FALSE
286156438,3,12,17,16,17,21,10,23,2,4,1,2,2,4,2,2,4.94,Male,0,1,0,0,0,0,2,2,112,112,2,0,0,2017,TRUE
933469585,5,11,22,19,22,26,17,28,2,4,1,2,1,3,1,2,5.05,Male,0,1,0,0,0,0,3,1,103,103,2,1,2,2017,TRUE
113395904,6,9,18,18,22,26,7,12,1,2,1,1,0,1,0,2,5.10,Female,0,1,0,0,0,0,2,2,95,95,1,0,0,2020,TRUE
291765914,20,21,29,30,29,32,48,30,3,3,1,2,3,3,2,3,5.75,Female,1,0,0,0,0,0,3,3,101,101,2,0,0,2020,FALSE
168265297,16,23,28,27,27,29,39,43,2,2,1,2,2,2,1,2,5.33,Female,0,0,1,0,0,0,1,1,101,101,1,0,0,2020,FALSE
720314094,5,7,20,18,21,28,9,19,1,2,1,2,1,2,2,2,4.73,Male,1,0,0,0,0,0,1,1,93,93,1,1,1,2017,TRUE
233900140,10,14,20,20,24,26,16,32,2,4,1,2,2,3,2,1,5.13,Female,1,0,0,0,0,0,2,2,120,120,2,2,1,2017,FALSE
125253574,12,9,20,15,17,25,35,26,2,2,0,2,1,2,0,1,5.24,Male,0,0,0,0,1,1,2,2,94,94,0,0,0,2018,TRUE
217553973,16,20,24,26,28,29,34,31,2,3,0,1,2,2,2,1,4.84,Female,1,0,0,0,0,0,2,2,101,101,2,1,1,2016,FALSE
115551270,3,13,17,17,18,23,4,9,1,1,0,1,1,2,0,2,4.70,Male,1,0,0,0,0,0,3,3,89,89,2,0,0,2018,FALSE
982352197,8,6,19,20,27,27,8,27,2,4,1,2,1,1,2,0,5.01,Male,1,0,0,0,0,0,1,1,92,92,1,0,0,2020,TRUE
454719692,7,8,15,15,18,21,12,24,0,2,1,1,0,2,0,2,4.50,Female,1,0,0,0,0,0,1,1,101,96,0,0,0,2021,FALSE
979175710,7,13,16,13,18,26,4,26,1,2,0,1,1,2,1,0,5.19,Female,1,0,0,0,0,0,2,1,95,93,2,1,1,2018,FALSE
750155725,15,15,17,17,20,29,14,23,1,3,1,0,1,2,0,2,5.15,Female,1,0,0,0,0,0,2,2,94,94,1,0,0,2020,FALSE
921419856,23,24,25,26,31,30,26,51,2,5,1,2,1,2,0,2,4.99,Male,1,0,0,0,0,0,2,1,91,91,2,1,1,2020,FALSE
259615231,10,17,20,22,21,30,26,26,1,2,1,1,1,1,2,2,4.92,Male,0,1,0,0,0,1,2,2,109,109,2,1,0,2018,FALSE
184743865,19,18,23,27,27,30,27,34,2,3,1,2,2,2,2,2,5.42,Female,1,0,0,0,0,0,1,1,96,95,1,0,0,2021,FALSE
544919856,4,11,23,27,26,28,23,36,2,2,1,2,1,4,1,2,5.33,Male,1,0,0,0,0,0,2,2,94,94,2,2,1,2020,FALSE
467445807,7,10,25,25,27,28,14,24,2,2,1,1,1,0,2,2,5.45,Male,0,1,0,0,0,0,3,1,120,120,2,2,2,2018,FALSE
176433316,4,8,18,19,25,18,22,30,1,2,1,1,1,2,1,2,5.67,Female,0,1,0,0,0,0,3,3,95,95,2,0,0,2018,TRUE
122131969,17,22,30,28,27,29,30,37,1,3,1,2,0,2,0,2,4.99,Female,1,0,0,0,0,0,2,2,97,97,2,1,1,2017,FALSE
498831306,10,15,19,24,25,28,15,41,1,3,1,1,1,2,1,2,5.42,Female,1,0,0,0,0,0,2,1,98,98,2,1,1,2021,FALSE
714231450,11,16,25,23,25,30,39,41,2,3,1,2,2,4,1,2,5.59,Female,1,0,0,0,0,0,2,2,101,101,2,1,1,2020,FALSE
834941625,1,8,18,15,15,16,11,15,0,2,1,1,0,1,0,2,5.58,Female,0,1,0,0,0,0,4,3,78,78,2,0,0,2020,TRUE
229473815,20,33,30,30,29,28,54,37,1,4,1,1,1,2,0,2,4.55,Male,1,0,0,0,0,0,3,2,95,95,2,2,2,2017,FALSE
438386770,12,13,23,19,21,26,21,32,2,4,1,2,1,3,2,2,5.12,Female,1,0,0,0,0,0,3,3,92,92,2,2,2,2020,TRUE
578707614,15,17,23,19,21,25,9,27,1,2,1,1,2,2,2,1,4.91,Male,0,0,1,0,0,0,2,1,114,114,1,1,0,2016,FALSE
640372819,10,13,22,20,28,27,21,37,1,2,0,1,1,2,0,2,4.99,Female,1,0,0,0,0,0,3,2,112,112,2,0,0,2018,FALSE
883931994,17,18,26,28,28,30,21,28,2,3,1,2,2,3,2,2,5.19,Male,1,0,0,0,0,0,2,1,91,89,1,0,0,2021,FALSE
466422794,15,16,22,28,27,28,42,31,3,4,1,2,2,2,1,2,5.44,Female,1,0,0,0,0,0,2,1,117,117,2,2,2,2020,FALSE
395346211,3,2,8,8,12,10,2,8,1,1,0,1,0,2,0,2,5.27,Male,0,1,0,0,0,0,2,2,91,89,2,0,0,2021,TRUE
751921637,14,15,19,19,21,29,7,34,2,2,1,1,1,1,0,0,4.86,Female,1,0,0,0,0,0,2,2,90,90,0,0,0,2018,FALSE
202260320,5,11,18,20,25,23,20,30,4,4,2,2,1,2,2,2,5.46,Male,0,1,0,0,0,0,3,3,120,109,2,2,1,2021,TRUE
803180515,11,14,20,22,26,30,13,36,2,2,1,1,0,1,0,0,4.82,Male,0,1,0,0,0,0,2,1,88,88,2,1,0,2017,FALSE
829869862,4,12,18,15,19,23,12,21,2,3,0,2,1,3,2,2,4.87,Female,1,0,0,0,0,0,3,2,95,95,2,1,2,2017,FALSE
290865264,9,12,17,24,28,29,22,28,1,3,1,1,0,2,1,2,5.62,Female,0,1,0,0,0,0,3,2,113,113,2,1,1,2017,FALSE
751935233,6,9,17,17,23,27,12,23,2,3,1,2,0,2,0,2,5.02,Female,1,0,0,0,0,0,2,1,97,97,0,0,0,2017,TRUE
274758181,10,13,25,26,22,22,29,36,2,2,1,2,1,1,1,2,4.82,Female,1,0,0,0,0,0,4,4,95,95,2,0,1,2017,FALSE
291594826,10,10,18,18,18,30,14,35,2,2,1,1,2,2,0,2,5.10,Female,1,0,0,0,0,0,2,1,93,93,2,1,0,2020,FALSE
368332605,10,9,17,19,21,26,37,30,3,3,1,1,1,2,2,2,5.74,Male,1,0,0,0,0,0,3,3,92,92,0,0,0,2018,FALSE
949534132,9,10,18,20,25,24,18,32,1,3,1,1,0,2,1,2,5.19,Male,1,0,0,0,0,0,2,2,103,103,2,1,0,2016,FALSE
145477453,12,16,20,23,26,26,21,41,2,3,1,2,3,2,2,2,5.06,Female,1,0,0,0,0,0,2,2,113,105,2,1,2,2021,FALSE
662916268,1,9,17,16,20,25,7,18,2,3,1,2,0,1,0,2,4.96,Male,0,1,0,0,0,1,3,2,114,104,2,2,0,2021,FALSE
312898116,8,9,28,24,22,29,14,20,1,2,1,2,1,2,0,3,4.69,Female,0,1,0,0,0,1,2,2,99,99,1,1,2,2020,FALSE
769589352,14,21,22,23,24,28,8,35,3,4,1,2,2,4,2,3,5.73,Male,0,0,0,0,1,1,2,1,95,95,2,1,0,2020,FALSE
125717138,10,14,21,18,21,22,35,36,2,3,1,2,1,4,1,2,5.55,Male,0,1,0,0,0,1,1,1,95,95,0,0,0,2017,FALSE
714946137,11,13,21,22,25,28,15,12,1,2,0,1,0,0,0,0,5.20,Male,0,0,0,0,1,0,2,2,88,88,2,1,1,2018,TRUE
613098057,17,14,18,20,22,28,31,34,3,3,1,2,1,1,2,2,5.40,Female,1,0,0,0,0,0,3,3,117,117,2,1,1,2018,FALSE
742556436,12,11,23,27,30,30,46,41,1,3,1,2,2,2,1,2,5.36,Male,1,0,0,0,0,0,6,6,95,93,2,0,0,2021,FALSE
745813330,11,14,16,20,25,25,8,26,1,2,1,1,2,2,0,2,5.21,Female,1,0,0,0,0,0,3,1,114,114,2,1,1,2020,TRUE
987955337,9,13,22,22,28,30,25,27,0,2,1,2,0,2,0,1,4.98,Male,0,1,0,0,0,1,1,1,109,109,0,0,0,2018,FALSE
861999090,2,9,17,14,18,23,10,17,2,2,1,1,1,2,1,0,5.47,Female,1,0,0,0,0,0,1,1,88,88,0,0,0,2017,FALSE
820317986,11,17,21,24,28,30,26,40,2,2,1,2,0,4,0,2,5.62,Male,0,1,0,0,0,0,1,1,102,97,2,2,2,2021,FALSE
179948145,14,10,21,25,25,28,28,35,2,4,1,2,2,3,1,2,5.06,Male,1,0,0,0,0,0,3,3,100,100,2,1,0,2017,FALSE
639098903,6,11,19,21,23,31,18,19,1,1,0,1,0,1,1,1,5.47,Female,0,1,0,0,0,0,2,1,95,95,2,1,2,2017,FALSE
673766109,12,16,22,22,21,30,22,30,2,3,2,2,2,2,2,2,4.94,Female,1,0,0,0,0,0,5,2,88,88,0,0,0,2018,FALSE
287879492,3,11,13,13,19,20,7,6,1,2,1,1,1,2,1,2,6.20,Male,1,0,0,0,0,0,1,1,94,91,1,1,0,2021,TRUE
933682943,10,15,19,20,21,25,23,30,3,5,2,2,2,3,2,2,5.33,Male,1,0,0,0,0,0,2,2,95,95,2,0,0,2018,FALSE
652399147,11,13,19,22,23,27,20,28,3,5,1,3,0,4,2,3,5.68,Male,1,0,0,0,0,0,3,3,117,108,2,2,2,2021,FALSE
293724368,5,7,19,15,19,27,22,27,2,2,1,2,2,2,2,2,5.45,Female,1,0,0,0,0,1,2,2,103,103,1,1,1,2018,TRUE
799814849,1,14,20,24,28,29,10,24,0,2,0,1,0,2,0,1,4.81,Male,0,0,0,0,1,1,4,2,116,116,2,2,1,2018,TRUE
291812350,7,8,21,14,20,24,16,37,2,2,1,2,2,1,2,2,4.52,Female,1,0,0,0,0,0,2,1,104,104,2,1,2,2020,FALSE
844481565,6,15,19,19,23,28,8,33,2,2,1,1,1,1,2,2,4.95,Female,1,0,0,0,0,0,2,2,95,95,2,2,1,2018,TRUE
435830237,20,27,30,31,32,31,22,33,1,4,1,2,2,3,0,0,5.09,Male,1,0,0,0,0,0,1,1,113,113,2,2,1,2020,FALSE
954326929,2,17,22,19,24,28,10,32,2,4,1,2,1,4,2,4,5.41,Male,0,0,0,0,1,1,3,3,95,95,2,0,1,2020,TRUE
705498952,16,21,21,27,28,29,42,38,1,4,2,3,2,5,1,3,5.59,Female,1,0,0,0,0,0,3,2,114,114,2,2,2,2020,FALSE
830548957,7,9,20,19,21,25,17,23,1,2,1,2,1,2,1,2,5.13,Female,1,0,0,0,0,0,2,2,114,114,0,0,0,2016,FALSE
337824034,6,5,21,19,27,26,11,35,2,2,1,1,1,2,0,2,5.36,Male,1,0,0,0,0,0,3,2,120,109,2,1,0,2021,FALSE
985610239,3,13,22,25,28,29,14,17,1,3,1,2,2,2,1,2,5.08,Female,1,0,0,0,0,0,3,3,115,115,2,1,0,2020,FALSE
585276433,2,13,19,12,17,22,8,19,1,3,0,1,0,1,1,2,5.58,Female,1,0,0,0,0,0,1,1,114,114,0,0,0,2016,FALSE
407146826,9,12,16,12,20,24,4,17,2,2,1,2,1,1,0,2,5.60,Male,0,1,0,0,0,0,1,1,114,114,1,0,1,2020,TRUE
330471862,12,21,21,20,21,25,26,36,3,4,2,3,2,3,2,2,5.26,Female,1,0,0,0,0,0,1,1,103,103,0,0,0,2018,FALSE
207087668,10,12,20,22,23,29,22,45,0,1,0,0,0,0,0,0,4.85,Female,0,1,0,0,0,0,2,1,103,103,2,0,1,2020,FALSE
608048452,10,10,17,19,21,26,14,18,2,2,2,1,2,3,1,1,5.60,Male,0,1,0,0,0,1,2,1,99,94,2,1,0,2021,FALSE
581312809,24,26,30,31,29,30,22,35,5,5,1,4,3,5,2,4,5.74,Male,1,0,0,0,0,0,2,2,114,114,0,0,0,2018,FALSE
640266582,15,19,22,31,29,30,26,45,1,4,1,2,1,3,1,2,5.17,Female,1,0,0,0,0,0,1,1,114,114,1,0,0,2020,FALSE
252877206,22,27,31,32,31,30,43,36,3,4,1,3,3,2,0,4,5.72,Male,1,0,0,0,0,0,2,1,114,114,2,0,0,2018,FALSE
294994565,4,13,22,22,27,31,22,25,3,3,1,2,1,2,2,1,4.94,Female,1,0,0,0,0,0,2,2,101,101,2,1,1,2016,FALSE
980511301,15,19,28,28,28,30,58,43,1,4,1,2,0,4,2,2,4.97,Female,1,0,0,0,0,0,3,2,104,98,2,2,2,2021,FALSE
852414228,18,12,17,16,19,20,20,22,1,0,1,1,1,1,0,1,5.62,Male,1,0,0,0,0,0,1,1,91,89,1,0,0,2021,TRUE
697047730,2,6,9,7,10,21,4,21,0,2,0,2,0,1,0,2,5.45,Male,0,1,0,0,0,1,1,1,103,103,1,0,0,2018,TRUE
275682555,7,13,16,15,17,23,17,31,0,3,0,2,1,1,0,2,4.92,Female,1,0,0,0,0,0,2,1,116,116,2,2,2,2020,TRUE
291930067,10,16,21,15,25,29,47,27,2,3,1,2,2,2,2,2,5.18,Female,1,0,0,0,0,0,3,2,113,102,2,2,1,2021,FALSE
341185560,10,16,20,16,24,22,16,33,0,2,0,2,0,1,1,2,5.54,Female,1,0,0,0,0,0,4,1,97,97,2,2,0,2017,TRUE
475329799,0,16,20,20,24,29,6,24,1,2,0,1,0,2,0,2,4.99,Male,0,1,0,0,0,0,1,1,107,107,2,2,0,2020,FALSE
559836865,11,14,20,21,24,30,22,33,1,3,0,1,1,1,0,2,4.92,Male,1,0,0,0,0,0,2,2,102,102,2,0,1,2016,FALSE
635099140,14,15,19,22,24,27,19,30,2,3,1,2,0,2,1,2,4.90,Female,1,0,0,0,0,0,3,2,103,103,2,2,2,2016,FALSE
987281002,3,7,16,19,20,22,9,24,1,3,0,2,1,2,1,1,4.96,Male,0,0,0,0,1,0,3,1,101,101,2,0,0,2016,TRUE
221938570,10,19,16,16,23,26,11,31,1,4,1,2,2,2,2,1,5.70,Male,1,0,0,0,0,0,1,1,120,120,0,0,0,2018,FALSE
322797586,2,13,19,21,16,23,11,12,2,3,1,1,1,1,1,0,5.57,Male,1,0,0,0,0,0,5,3,95,95,2,0,0,2018,FALSE
824600093,14,14,18,21,26,23,29,39,3,3,1,2,0,2,1,3,5.67,Female,1,0,0,0,0,0,3,3,101,101,2,1,1,2016,FALSE
992810898,8,13,17,15,18,24,20,26,2,2,1,2,2,3,2,2,5.30,Female,0,1,0,0,0,1,2,1,88,88,1,1,1,2018,TRUE
518311966,8,10,19,18,19,22,21,24,2,3,1,2,2,3,0,2,4.81,Male,1,0,0,0,0,0,3,3,112,112,2,0,0,2020,FALSE
379796863,17,16,22,26,30,29,19,34,2,3,2,2,2,3,0,0,5.14,Male,1,0,0,0,0,0,3,1,101,101,1,1,1,2016,FALSE
633142867,12,17,19,25,27,26,29,24,2,2,1,2,1,2,2,1,5.27,Female,1,0,0,0,0,0,4,3,112,112,2,0,1,2018,FALSE
237515532,12,17,19,28,29,30,8,29,1,2,1,1,1,2,2,2,4.90,Female,1,0,0,0,0,0,1,1,114,114,1,0,0,2016,FALSE
538874034,9,15,18,18,23,25,18,34,1,2,1,1,1,1,1,2,5.24,Female,1,0,0,0,0,0,4,1,95,95,2,1,1,2017,FALSE
502646017,8,17,19,15,19,23,17,29,1,2,1,2,1,2,1,2,5.50,Male,0,1,0,0,0,1,3,2,99,99,2,2,2,2020,TRUE
519579122,0,4,11,12,13,26,9,6,1,0,1,1,0,2,0,1,5.31,Male,1,0,0,0,0,0,1,1,105,105,0,0,0,2018,FALSE
702098815,19,24,27,29,28,31,39,44,2,4,2,2,1,0,2,2,5.03,Female,1,0,0,0,0,0,2,1,113,113,2,2,2,2020,FALSE
671496493,13,15,25,25,29,31,21,32,2,4,1,2,0,1,0,2,5.70,Male,1,0,0,0,0,0,2,2,114,114,2,2,2,2016,FALSE
924663967,13,14,21,19,27,30,21,33,3,4,1,2,3,5,1,3,5.37,Female,1,0,0,0,0,0,3,3,116,116,2,0,1,2020,FALSE
467486998,20,21,25,27,30,29,22,47,2,3,2,1,1,4,2,2,4.81,Female,1,0,0,0,0,0,3,3,113,105,2,0,1,2021,FALSE
517499970,18,24,31,29,30,30,30,43,2,4,1,3,1,2,1,2,5.01,Male,1,0,0,0,0,0,1,1,95,95,1,0,0,2020,FALSE
611837111,6,16,19,20,24,28,14,30,3,2,1,1,1,1,1,2,5.33,Female,1,0,0,0,0,0,2,2,108,108,2,0,0,2018,FALSE
960686089,5,15,27,25,28,29,24,33,1,2,1,2,2,4,1,2,5.37,Male,1,0,0,0,0,0,2,1,114,102,2,2,1,2021,FALSE
568508443,8,12,21,22,24,27,32,27,3,2,2,1,2,2,2,2,4.60,Female,1,0,0,0,0,0,2,2,120,120,2,0,2,2018,FALSE
614070766,17,15,19,17,23,27,26,46,2,3,1,2,1,4,2,2,5.81,Male,0,0,0,0,1,0,2,1,91,89,2,2,2,2021,FALSE
688499672,6,7,14,16,19,30,22,34,2,2,1,1,1,2,2,2,5.16,Female,1,0,0,0,0,0,2,2,88,88,2,2,0,2017,FALSE
387425627,4,5,20,27,25,31,12,29,2,5,1,2,0,3,0,3,5.39,Male,1,0,0,0,0,0,2,2,116,116,1,1,1,2016,FALSE
601771451,10,13,21,18,19,27,25,35,2,2,0,2,1,2,1,2,5.09,Female,1,0,0,0,0,0,2,1,94,94,2,1,0,2018,FALSE
781037866,7,11,17,13,19,21,6,19,2,3,1,2,1,2,1,2,5.38,Male,0,1,0,0,0,1,2,2,95,95,2,2,2,2020,TRUE
900029906,9,10,17,10,16,27,17,26,1,3,0,1,1,2,0,3,5.11,Female,1,0,0,0,0,0,2,2,115,115,0,0,0,2018,TRUE
580540909,10,14,20,24,31,31,34,29,1,3,1,2,1,1,0,2,5.37,Female,1,0,0,0,0,0,2,1,95,95,0,0,0,2020,FALSE
840130606,2,10,15,12,15,16,11,7,1,2,0,0,0,1,0,2,5.06,Female,0,1,0,0,0,0,3,3,95,95,2,2,0,2017,FALSE
260638887,7,14,18,16,19,26,4,21,2,4,1,2,3,4,2,2,5.26,Male,0,0,0,0,1,1,2,2,95,95,1,0,0,2017,TRUE
177699689,23,28,30,29,32,29,24,37,1,4,1,3,2,4,0,2,5.44,Male,1,0,0,0,0,0,1,1,101,101,2,0,1,2016,FALSE
385547159,7,11,19,23,26,27,17,24,2,4,1,2,1,2,0,2,5.28,Male,1,0,0,0,0,0,2,2,103,103,2,2,2,2016,FALSE
176907717,9,10,16,20,18,24,16,29,2,3,1,1,2,1,0,1,5.05,Male,1,0,0,0,0,0,2,2,101,101,1,1,0,2016,FALSE
814237432,14,19,24,29,27,27,74,42,3,4,2,2,4,4,2,2,5.35,Female,1,0,0,0,0,0,2,2,117,108,2,1,1,2021,FALSE
188419736,14,17,29,30,28,28,36,40,2,1,1,2,3,2,0,2,4.94,Male,1,0,0,0,0,0,2,1,101,101,2,1,1,2016,FALSE
268245440,8,11,20,22,24,28,6,13,2,2,1,1,1,2,1,2,5.02,Female,1,0,0,0,0,0,2,2,102,102,2,1,0,2020,FALSE
366613779,13,15,18,20,23,25,43,32,3,3,2,2,1,2,0,2,4.88,Male,1,0,0,0,0,0,2,2,102,102,1,0,0,2017,FALSE
628080230,14,12,18,17,21,21,17,45,3,3,1,2,2,3,1,2,4.95,Male,0,0,0,0,1,0,1,1,91,89,2,1,1,2021,TRUE
412610025,16,17,25,21,22,23,27,34,2,2,1,2,1,1,1,2,4.92,Male,1,0,0,0,0,0,3,3,95,95,2,0,0,2018,FALSE
335002292,24,27,28,29,32,29,48,37,4,4,2,2,2,5,2,3,5.42,Male,0,0,1,0,0,0,3,2,101,101,0,0,0,2017,FALSE
628416098,12,16,26,28,31,30,37,38,1,3,1,1,2,3,0,2,5.59,Male,1,0,0,0,0,0,3,1,116,116,2,0,2,2018,FALSE
109315584,8,14,17,16,16,28,25,37,1,2,1,1,0,1,1,1,5.20,Female,1,0,0,0,0,0,4,4,116,116,2,0,0,2020,TRUE
164483145,5,11,20,19,22,26,37,35,3,3,1,1,2,0,1,2,5.34,Female,1,0,0,0,0,0,2,1,120,120,1,1,1,2018,FALSE
757672389,4,7,19,17,18,22,6,2,1,1,1,1,1,1,1,1,4.87,Female,1,0,0,0,0,0,1,1,120,109,2,2,2,2021,TRUE
109928659,9,12,17,18,22,26,23,21,2,2,1,1,2,2,2,2,4.98,Male,1,0,0,0,0,0,3,3,97,97,2,2,1,2018,FALSE
617807188,9,14,19,16,18,17,21,32,1,3,1,2,0,2,1,2,5.18,Male,1,0,0,0,0,0,6,3,91,89,1,1,0,2021,TRUE
993736904,2,12,14,13,15,20,0,-1,2,2,0,1,1,2,1,1,6.10,Male,0,1,0,0,0,1,2,1,95,95,1,0,0,2020,TRUE
200239870,16,10,17,22,25,27,58,32,1,4,1,2,0,4,0,2,5.88,Male,1,0,0,0,0,0,3,2,120,120,2,0,0,2016,FALSE
343970803,8,15,16,16,19,27,17,26,1,2,1,1,2,3,1,1,4.81,Female,1,0,0,0,0,0,2,2,116,116,2,1,2,2020,FALSE
771400433,15,19,27,29,32,32,25,47,2,2,1,1,2,4,1,2,4.68,Female,1,0,0,0,0,0,1,1,95,95,2,2,0,2020,FALSE
376152242,8,10,18,19,29,31,13,31,2,1,1,2,1,2,2,2,4.85,Male,1,0,0,0,0,0,2,2,112,112,2,0,0,2018,FALSE
620298880,11,11,23,23,28,31,14,26,2,2,1,1,1,2,1,2,5.67,Male,1,0,0,0,0,0,2,1,95,95,2,2,2,2020,FALSE
970543197,9,12,20,18,21,20,16,29,1,3,1,2,2,3,2,2,5.82,Male,1,0,0,0,0,0,3,1,91,89,2,2,0,2021,TRUE
716734300,9,8,16,18,19,23,6,27,3,5,2,2,2,4,2,2,5.58,Male,0,1,0,0,0,0,2,2,113,113,2,1,1,2020,TRUE
828588259,7,15,16,14,17,23,12,28,1,2,0,1,1,2,0,2,5.47,Female,0,1,0,0,0,1,3,2,95,95,2,0,0,2018,FALSE
546399053,5,14,19,22,20,30,24,28,2,2,1,2,1,2,2,2,5.14,Female,1,0,0,0,0,0,3,2,117,108,2,2,2,2021,FALSE
931772036,15,22,24,26,26,26,36,33,2,3,2,2,1,2,1,1,5.59,Male,1,0,0,0,0,0,3,1,120,120,2,2,2,2018,FALSE
852701038,5,15,25,17,20,24,11,4,1,2,1,0,1,1,1,1,4.76,Female,0,1,0,0,0,1,5,5,99,99,1,0,0,2020,TRUE
828216101,6,13,24,23,30,32,32,28,1,4,2,2,2,4,2,2,5.19,Male,1,0,0,0,0,0,3,2,114,114,2,2,2,2016,FALSE
537130036,32,26,28,29,30,28,54,33,2,2,2,2,3,2,2,3,4.81,Female,1,0,0,0,0,0,2,1,95,95,2,2,1,2018,FALSE
410168957,27,29,28,30,29,33,30,39,3,5,3,3,4,5,0,3,6.15,Male,1,0,0,0,0,0,1,1,114,114,2,2,1,2018,FALSE
745762146,4,12,16,17,18,25,13,25,2,2,1,1,2,3,2,2,5.17,Female,1,0,0,0,0,0,3,2,120,120,0,0,0,2017,FALSE
291285926,5,13,21,23,23,27,12,17,1,4,1,2,0,2,0,2,5.84,Male,1,0,0,0,0,0,2,1,113,105,2,0,0,2021,FALSE
751656938,20,22,24,22,28,30,40,31,4,5,2,4,5,4,2,2,5.41,Male,1,0,0,0,0,0,1,1,120,120,2,2,2,2016,FALSE
895656843,6,10,19,21,26,27,13,29,3,3,1,2,1,3,1,2,4.96,Male,1,0,0,0,0,0,1,1,95,95,2,1,1,2018,FALSE
346771132,1,14,19,21,23,30,7,10,1,2,1,1,1,2,1,2,5.66,Male,0,0,1,0,0,0,2,2,116,116,2,2,1,2017,FALSE
803603159,3,16,20,17,18,24,12,26,2,1,1,1,0,2,1,2,4.95,Female,1,0,0,0,0,0,1,1,95,95,1,0,0,2017,TRUE
159970239,21,26,29,29,29,29,33,51,3,4,1,3,2,4,2,2,4.85,Male,0,0,1,0,0,1,1,1,95,95,2,2,2,2020,FALSE
570558453,6,6,19,18,19,23,7,13,2,2,1,1,1,1,0,2,4.99,Male,1,0,0,0,0,0,3,2,95,95,1,0,0,2021,TRUE
710986963,13,18,25,27,27,31,25,28,2,3,1,2,1,2,1,2,4.60,Female,1,0,0,0,0,0,2,1,116,116,2,0,2,2018,FALSE
107836684,9,11,17,16,18,26,18,37,4,5,2,2,4,3,2,2,5.15,Male,1,0,0,0,0,0,2,2,90,90,2,1,1,2018,TRUE
640007538,2,8,7,17,17,24,3,22,2,3,1,2,2,2,2,2,5.47,Male,0,0,0,0,1,0,2,1,105,105,2,1,0,2020,TRUE
550935200,2,10,16,9,13,20,6,13,0,3,0,2,1,3,0,2,5.29,Male,0,1,0,0,0,1,2,1,99,99,2,0,0,2020,TRUE
206076321,8,14,22,23,25,30,29,25,2,5,1,2,1,4,2,4,5.07,Female,1,0,0,0,0,0,2,2,115,115,2,0,1,2020,TRUE
287413219,10,16,21,24,22,30,23,37,3,5,1,2,2,4,0,2,5.36,Male,1,0,0,0,0,0,2,2,120,120,1,1,1,2018,FALSE
716635118,13,12,15,20,24,26,17,18,2,0,1,2,1,1,2,2,5.84,Male,0,1,0,0,0,0,3,3,103,103,2,1,2,2020,TRUE
124047971,4,10,18,14,20,24,8,15,2,3,1,2,1,2,1,1,4.96,Male,0,1,0,0,0,0,3,2,95,95,2,0,1,2018,FALSE
559602545,13,12,22,20,22,23,9,24,1,3,1,2,0,3,1,2,4.97,Male,1,0,0,0,0,0,3,2,98,98,2,0,0,2020,FALSE
617533613,2,15,20,20,22,24,13,25,1,2,1,1,1,1,2,2,5.15,Male,0,0,0,1,0,0,2,2,90,90,1,0,0,2017,TRUE
657960930,3,11,20,19,21,27,15,29,2,3,0,2,2,3,2,2,5.65,Female,0,1,0,0,0,0,2,2,115,115,1,0,0,2020,TRUE
726104450,6,16,17,13,16,16,3,8,2,3,1,2,0,3,0,2,5.03,Male,0,1,0,0,0,0,2,2,107,96,2,0,0,2021,TRUE
477286734,5,15,21,19,21,23,3,6,0,2,0,2,1,0,1,2,4.93,Female,1,0,0,0,0,0,1,1,104,104,2,1,2,2017,FALSE
151946528,11,17,23,24,21,28,25,34,4,5,1,2,3,2,1,3,5.46,Male,1,0,0,0,0,0,2,1,97,97,0,0,0,2017,FALSE
300851066,13,19,25,28,29,27,10,30,2,3,1,2,1,2,2,2,4.73,Male,1,0,0,0,0,0,1,1,103,103,0,0,0,2020,TRUE
632857760,11,14,23,25,26,30,23,31,2,2,1,2,1,3,0,2,4.67,Male,1,0,0,0,0,0,2,1,97,97,2,2,1,2017,FALSE
148982638,3,16,17,22,25,29,6,33,0,2,0,1,1,2,1,2,4.94,Female,0,1,0,0,0,1,3,3,110,110,2,0,1,2020,FALSE
927659245,27,33,30,32,30,29,49,46,3,5,1,3,2,2,0,0,5.61,Male,1,0,0,0,0,0,2,1,109,109,2,0,0,2020,FALSE
477508764,8,14,20,20,19,23,15,27,2,2,1,1,1,0,1,1,5.01,Female,1,0,0,0,0,0,2,2,97,97,0,0,0,2016,TRUE
609133373,14,18,20,15,18,27,19,20,2,4,1,2,1,1,1,2,4.96,Female,1,0,0,0,0,0,2,2,104,104,2,2,2,2020,FALSE
667549386,8,14,18,21,30,31,23,29,1,1,0,1,1,1,0,1,5.39,Female,0,1,0,0,0,1,2,1,99,103,2,1,0,2016,FALSE
471904735,14,15,23,23,26,30,22,32,2,2,1,1,1,1,0,2,5.22,Male,0,1,0,0,0,0,1,1,95,93,0,0,0,2021,FALSE
467399506,16,16,22,30,30,29,19,31,3,4,2,2,3,2,2,1,4.88,Male,1,0,0,0,0,0,3,2,101,101,2,1,2,2016,FALSE
439750329,5,7,21,23,23,25,19,19,1,3,1,2,0,2,1,2,5.33,Female,0,1,0,0,0,0,3,2,107,107,2,0,0,2020,FALSE
615215729,0,9,13,14,17,22,0,23,0,2,0,0,0,1,0,0,5.15,Female,0,1,0,0,0,0,2,2,95,95,2,1,1,2018,TRUE
421016808,1,17,11,11,13,26,9,18,3,2,1,2,1,2,2,2,5.02,Female,1,0,0,0,0,0,3,3,90,90,2,0,0,2017,FALSE
434255006,8,11,18,19,22,28,18,17,1,2,1,2,2,2,1,2,5.87,Female,1,0,0,0,0,0,3,1,114,114,2,0,2,2017,FALSE
744571778,5,12,19,26,30,31,27,25,1,3,1,1,1,1,0,0,5.38,Male,1,0,0,0,0,0,2,2,114,114,2,1,1,2018,FALSE
812870699,3,8,18,16,23,24,16,29,1,1,1,1,0,2,1,0,5.57,Female,0,0,0,0,1,0,1,1,97,97,2,1,0,2017,TRUE
995920216,10,12,20,21,23,23,25,24,3,4,2,2,2,2,2,2,5.03,Female,1,0,0,0,0,0,2,2,94,94,2,2,2,2020,FALSE
279164973,16,20,23,26,26,29,29,29,4,4,2,2,4,3,2,3,5.65,Male,1,0,0,0,0,0,3,1,101,101,2,0,0,2016,FALSE
503824897,2,15,20,20,22,23,6,14,2,2,1,1,1,2,1,2,5.43,Male,0,1,0,0,0,0,4,4,113,113,2,1,1,2018,FALSE
851126959,5,15,14,16,21,26,6,21,1,3,1,2,1,3,1,2,5.33,Male,0,1,0,0,0,0,1,1,114,114,1,0,0,2017,TRUE
984527596,12,21,26,31,25,31,42,48,2,3,1,2,1,2,1,2,5.20,Female,0,1,0,0,0,1,2,1,99,94,0,0,0,2021,FALSE
289240209,21,23,26,28,30,29,43,35,3,4,2,3,2,4,0,2,5.77,Male,1,0,0,0,0,0,2,1,101,101,2,2,2,2016,FALSE
385731900,13,19,23,19,22,28,9,39,3,3,2,3,1,1,2,0,6.12,Male,0,0,0,1,0,0,2,2,104,104,2,2,2,2020,FALSE
852055378,7,5,17,17,22,24,13,31,2,3,1,2,1,2,1,2,5.49,Male,1,0,0,0,0,0,7,4,78,78,1,0,0,2021,FALSE
536934687,15,21,24,27,29,29,41,54,4,4,2,3,2,4,2,2,5.12,Male,0,1,0,0,0,0,2,1,117,108,1,1,2,2021,FALSE
588334264,2,17,17,21,23,28,12,22,1,2,2,2,2,5,1,2,5.41,Male,1,0,0,0,0,0,3,2,115,115,2,1,1,2020,FALSE
503367530,14,17,26,27,27,30,22,31,1,3,1,2,1,2,0,1,5.85,Female,1,0,0,0,0,0,4,2,114,114,1,1,0,2020,FALSE
937704899,10,11,22,17,25,25,30,30,2,3,1,1,2,3,1,3,5.02,Female,1,0,0,0,0,0,2,2,97,97,0,0,0,2017,FALSE
629523696,16,16,23,18,22,27,18,38,2,4,2,1,2,4,1,2,4.65,Male,1,0,0,0,0,0,1,1,95,95,0,0,0,2018,FALSE
942592272,11,11,18,20,26,28,13,34,2,3,1,2,1,0,1,2,5.59,Female,0,0,1,0,0,0,2,2,120,109,2,2,2,2021,FALSE
522531107,10,11,20,19,25,29,20,24,2,3,1,2,2,2,2,2,5.45,Male,1,0,0,0,0,0,2,2,100,100,2,1,2,2018,FALSE
945145631,9,23,29,26,29,28,24,27,3,4,2,2,2,4,1,2,4.97,Male,0,1,0,0,0,1,1,1,99,94,2,1,0,2021,FALSE
217172466,23,23,24,26,28,30,49,38,2,3,1,2,2,2,2,1,5.75,Male,1,0,0,0,0,0,2,2,103,103,2,2,0,2020,FALSE
156125159,15,12,20,20,24,29,9,28,2,2,0,1,1,3,0,2,4.84,Female,1,0,0,0,0,0,1,1,107,96,2,2,2,2021,FALSE
218346928,10,13,17,16,24,28,22,31,2,4,1,2,1,1,1,2,5.26,Female,1,0,0,0,0,0,2,2,92,87,2,0,0,2021,FALSE
587661970,9,17,19,23,24,28,34,40,2,3,1,2,3,2,0,2,4.85,Male,1,0,0,0,0,0,2,1,113,105,2,2,2,2021,FALSE
377221365,11,14,22,20,25,31,46,46,3,2,1,2,2,1,2,2,5.23,Female,1,0,0,0,0,0,1,1,117,108,2,1,1,2021,FALSE
860972187,20,24,30,31,29,30,56,51,2,4,2,2,3,4,2,5,5.48,Male,1,0,0,0,0,0,2,1,94,94,2,1,0,2020,FALSE
126184916,2,6,17,23,25,31,16,22,0,2,1,2,2,2,0,1,5.31,Female,1,0,0,0,0,0,4,4,89,89,2,0,0,2017,FALSE
391237167,8,14,17,17,21,30,14,17,1,2,1,1,0,2,2,2,5.15,Female,1,0,0,0,0,0,1,1,88,88,2,0,0,2018,FALSE
945250737,14,16,22,25,23,28,34,40,2,4,1,2,1,3,2,2,5.17,Female,1,0,0,0,0,0,2,1,117,117,2,2,2,2020,FALSE
526259156,6,15,23,22,21,27,13,29,2,4,1,2,2,4,1,2,4.84,Male,1,0,0,0,0,0,3,3,89,89,2,1,0,2018,FALSE
143594912,4,6,21,19,19,25,17,28,1,2,1,2,0,1,0,1,4.88,Female,1,0,0,0,0,0,2,2,108,108,0,0,0,2018,TRUE
442631918,13,22,27,30,33,29,35,36,2,4,1,2,1,2,0,1,5.26,Female,1,0,0,0,0,0,2,1,101,101,2,2,2,2017,FALSE
144141337,6,12,21,16,18,18,12,22,1,2,1,2,0,0,0,2,4.70,Male,1,0,0,0,0,0,3,2,94,94,2,2,1,2017,TRUE
409064729,22,29,30,29,32,32,55,47,3,3,1,1,1,2,1,2,5.92,Female,1,0,0,0,0,0,3,1,109,109,2,2,2,2020,FALSE
971092333,11,15,16,23,28,30,20,35,3,4,1,2,2,2,2,2,5.61,Male,1,0,0,0,0,0,4,4,102,102,2,2,2,2020,FALSE
422944539,8,13,23,25,23,26,22,38,0,3,0,2,1,2,1,2,5.64,Male,0,1,0,0,0,0,2,2,113,105,2,1,2,2021,FALSE
349526990,14,17,25,29,29,30,29,46,2,3,1,2,1,1,0,2,4.74,Female,1,0,0,0,0,0,2,1,104,104,2,1,1,2020,FALSE
724715511,9,15,24,26,26,30,27,26,2,2,1,2,1,2,2,2,5.28,Female,1,0,0,0,0,0,2,1,117,108,2,2,2,2021,FALSE
355798129,12,18,26,30,28,33,34,34,1,4,1,1,2,2,2,2,5.30,Female,1,0,0,0,0,0,3,2,114,114,2,1,1,2016,FALSE
929017044,9,18,21,25,28,28,23,28,2,2,2,2,0,2,2,2,5.37,Male,1,0,0,0,0,0,2,2,88,88,1,0,0,2018,FALSE
271958686,2,7,10,10,11,15,3,10,1,1,0,1,0,0,0,0,5.08,Female,0,1,0,0,0,0,2,2,97,97,0,0,0,2017,TRUE
582289296,3,12,18,18,22,24,10,21,1,2,1,1,0,1,0,1,5.58,Female,1,0,0,0,0,0,6,5,95,95,1,0,0,2020,FALSE
349864675,9,7,20,23,24,22,15,25,2,2,1,1,1,2,0,1,5.03,Female,0,1,0,0,0,0,2,1,97,97,0,0,0,2016,TRUE
396127694,11,15,20,19,21,27,21,33,1,4,1,2,2,5,0,2,4.60,Male,1,0,0,0,0,0,2,2,120,120,2,0,2,2018,FALSE
790196700,14,24,34,29,29,30,20,33,2,2,1,2,1,1,0,1,6.12,Female,0,1,0,0,0,0,2,2,109,109,2,0,1,2020,FALSE
992972606,8,12,19,21,25,24,2,25,2,2,1,2,0,1,0,2,6.11,Male,0,0,0,0,1,0,2,2,114,102,1,1,1,2021,TRUE
913875042,2,17,23,25,25,28,5,3,0,1,1,1,1,2,1,2,5.59,Male,1,0,0,0,0,0,3,3,92,87,2,1,0,2021,FALSE
852721678,4,17,16,15,16,21,5,5,2,2,0,1,0,2,0,2,5.41,Male,0,0,0,0,1,0,2,2,107,96,2,2,1,2021,TRUE
410960855,8,12,19,27,27,31,3,26,2,4,1,1,1,2,2,2,5.63,Male,0,0,1,0,0,0,2,2,107,107,2,2,1,2020,FALSE
157614613,3,8,16,19,20,28,18,49,2,2,0,1,0,2,0,2,5.20,Male,0,1,0,0,0,0,2,1,95,93,0,0,0,2021,FALSE
144403358,11,12,21,21,26,27,42,32,1,3,0,2,0,2,0,2,4.94,Female,0,1,0,0,0,0,2,1,114,114,2,1,0,2016,FALSE
282740451,19,28,28,27,30,30,54,50,2,4,1,2,2,5,2,2,5.72,Female,1,0,0,0,0,0,2,2,113,113,1,1,1,2020,FALSE
584200947,8,12,20,20,24,30,18,31,2,3,1,2,1,3,2,2,4.94,Female,0,0,1,0,0,0,3,3,115,115,2,2,2,2020,FALSE
891113373,12,24,27,26,27,28,15,41,2,4,1,2,2,4,2,3,5.31,Female,1,0,0,0,0,0,2,1,95,95,2,0,0,2020,FALSE
399945616,12,19,25,24,27,30,17,38,3,4,2,1,2,1,2,2,4.93,Male,1,0,0,0,0,0,2,1,90,90,1,0,0,2018,FALSE
548097044,8,17,22,24,26,28,27,34,2,3,1,2,2,2,1,2,5.38,Female,1,0,0,0,0,0,3,1,114,114,2,1,1,2018,FALSE
606622912,11,13,22,25,28,28,22,37,3,3,1,2,1,3,0,2,5.02,Female,1,0,0,0,0,0,1,1,95,95,2,0,0,2018,FALSE
198067470,10,12,25,26,25,26,38,35,4,3,2,2,4,4,2,3,5.13,Male,1,0,0,0,0,0,2,1,120,120,2,0,2,2016,FALSE
251846800,9,19,21,20,21,28,18,36,2,3,1,2,1,2,2,2,5.19,Female,0,0,0,1,0,1,2,2,99,94,2,1,1,2021,FALSE
619968183,4,9,11,11,19,28,13,12,0,3,1,2,0,1,0,2,5.47,Female,1,0,0,0,0,0,2,1,93,93,1,1,1,2018,TRUE
350796566,13,17,22,27,28,28,22,32,3,3,1,1,2,2,1,0,5.50,Male,1,0,0,0,0,0,2,1,94,94,2,1,0,2018,FALSE
934377475,15,21,24,19,22,23,19,27,1,1,1,2,2,1,0,1,5.52,Male,0,1,0,0,0,1,2,2,95,95,2,1,1,2017,FALSE
410905491,6,7,14,14,15,22,17,7,1,3,1,1,1,1,0,1,5.32,Male,0,1,0,0,0,0,3,3,120,120,2,2,0,2018,FALSE
106107536,15,19,22,24,24,29,34,31,1,3,1,1,1,2,2,2,4.93,Female,1,0,0,0,0,0,2,1,95,95,0,0,0,2018,FALSE
669305973,5,5,19,15,21,24,37,32,1,2,1,1,2,2,1,1,5.18,Male,1,0,0,0,0,0,3,2,103,103,2,0,1,2017,FALSE
852123138,0,0,12,12,8,11,3,11,0,1,1,1,0,2,0,1,5.13,Male,0,1,0,0,0,0,3,2,116,116,2,0,2,2020,FALSE
620252781,10,12,22,22,18,24,13,16,2,2,1,1,1,2,0,1,4.98,Female,1,0,0,0,0,0,4,4,92,92,2,0,0,2020,FALSE
174859722,11,13,19,27,26,30,13,28,1,2,0,1,0,2,0,2,4.76,Female,0,1,0,0,0,1,2,2,114,114,0,0,0,2020,FALSE
812439973,15,20,21,29,30,30,33,33,2,3,1,3,2,2,0,3,5.61,Female,1,0,0,0,0,0,2,1,101,101,2,1,1,2016,FALSE
730355342,12,24,25,24,28,31,28,26,2,5,2,3,2,5,2,2,5.56,Male,1,0,0,0,0,0,2,1,105,105,2,2,2,2020,FALSE
231539568,11,19,26,26,27,29,30,29,3,4,1,2,2,2,2,2,5.50,Female,1,0,0,0,0,0,3,2,114,114,2,1,1,2018,FALSE
336174084,7,9,20,20,24,30,13,30,0,2,0,2,0,2,1,2,5.93,Female,0,0,0,0,1,1,2,1,94,94,2,1,1,2018,TRUE
663614167,12,17,26,23,28,29,20,39,1,2,1,2,1,2,1,2,5.63,Male,1,0,0,0,0,0,3,2,91,89,1,0,0,2021,FALSE
312093130,15,13,20,19,23,23,22,35,1,3,1,1,1,1,0,1,5.58,Male,0,1,0,0,0,0,2,2,78,78,2,2,1,2021,FALSE
907787796,6,9,18,20,22,30,15,37,1,3,1,1,2,2,2,2,5.26,Female,1,0,0,0,0,0,2,1,116,116,1,1,1,2018,FALSE
265092740,9,11,23,19,19,28,17,14,0,2,1,1,0,1,1,2,4.97,Male,1,0,0,0,0,0,2,1,95,95,2,1,2,2018,TRUE
713339602,9,13,21,15,20,25,11,26,2,3,1,2,2,2,2,2,5.47,Male,1,0,0,0,0,0,3,1,114,114,1,1,1,2016,TRUE
856137883,6,16,19,20,23,24,26,28,2,4,1,2,0,2,1,2,5.88,Female,1,0,0,0,0,0,3,1,112,112,2,0,0,2020,FALSE
241280885,27,26,29,31,30,30,46,41,2,1,1,1,1,1,2,1,4.98,Female,1,0,0,0,0,0,1,1,101,101,2,2,1,2016,FALSE
527082428,9,13,20,20,23,27,22,14,2,2,1,2,1,2,1,1,4.90,Female,0,1,0,0,0,1,1,1,99,99,1,0,1,2020,FALSE
618522521,26,23,28,29,28,32,39,35,2,3,1,2,1,2,2,2,4.78,Female,1,0,0,0,0,0,1,1,113,113,2,1,2,2020,FALSE
581018157,9,12,19,22,20,31,19,47,2,4,1,2,3,3,2,2,5.11,Male,1,0,0,0,0,0,2,2,98,98,2,2,2,2021,TRUE
979898157,10,12,20,21,24,29,35,28,2,5,2,2,2,3,2,2,5.15,Male,1,0,0,0,0,0,4,2,114,114,2,1,0,2017,FALSE
380356795,20,23,29,29,31,28,50,54,2,2,1,1,2,2,2,1,4.99,Female,1,0,0,0,0,0,2,1,104,98,2,2,2,2021,FALSE
628411786,20,16,21,29,22,29,23,45,1,3,1,2,2,3,2,2,4.54,Female,1,0,0,0,0,0,1,1,105,105,2,1,2,2020,FALSE
798141420,8,13,18,15,21,29,14,20,2,0,0,1,1,1,0,0,5.34,Female,1,0,0,0,0,0,4,1,97,97,1,1,0,2018,FALSE
882766000,8,10,19,18,20,24,25,32,5,4,2,2,2,3,2,2,5.76,Male,1,0,0,0,0,0,2,1,112,112,2,2,1,2020,TRUE
111314179,6,14,16,18,17,22,20,28,1,4,1,2,2,2,1,2,5.15,Male,1,0,0,0,0,0,1,1,120,120,2,0,1,2018,FALSE
627429561,4,9,17,16,18,23,12,26,1,2,1,1,0,2,0,2,4.85,Female,1,0,0,0,0,0,2,2,88,88,0,0,0,2017,FALSE
369800442,9,15,18,14,19,22,26,21,3,2,1,1,2,1,1,2,5.36,Male,1,0,0,0,0,0,2,1,94,94,2,1,0,2017,TRUE
418907668,15,17,25,28,30,29,36,32,2,2,1,1,0,1,2,2,5.46,Female,1,0,0,0,0,0,4,4,114,114,2,2,2,2016,FALSE
746938715,10,25,30,28,29,30,32,37,3,4,1,2,1,2,2,2,5.55,Male,1,0,0,0,0,0,3,2,114,114,2,0,0,2018,FALSE
887365461,3,13,20,22,26,28,12,23,2,4,1,2,1,4,1,2,5.07,Male,0,1,0,0,0,1,3,2,95,95,2,1,2,2020,TRUE
763440221,12,18,23,29,31,30,21,29,2,3,1,1,2,3,1,2,4.75,Female,1,0,0,0,0,0,2,2,114,114,0,0,0,2018,FALSE
258432576,0,11,16,17,21,27,5,24,0,2,0,1,0,2,0,0,4.78,Male,1,0,0,0,0,0,3,2,93,93,2,1,0,2017,FALSE
128276870,9,15,19,21,22,26,25,34,1,1,1,1,1,3,2,0,5.22,Female,1,0,0,0,0,0,1,1,92,94,2,0,0,2018,TRUE
598652605,8,19,22,18,23,24,10,35,0,4,1,2,1,3,0,2,5.62,Female,0,1,0,0,0,0,4,3,116,116,2,2,1,2020,FALSE
108360297,13,17,24,28,27,27,14,13,2,4,1,2,1,5,1,2,5.34,Male,1,0,0,0,0,0,3,2,94,94,2,1,0,2020,FALSE
552990768,6,8,17,17,20,23,13,31,2,2,0,1,1,2,0,2,5.06,Female,1,0,0,0,0,0,3,1,103,103,2,2,2,2016,FALSE
292088867,9,18,26,29,30,29,18,34,2,2,1,1,2,1,1,2,4.83,Female,1,0,0,0,0,0,2,2,107,107,2,2,1,2016,FALSE
915972010,7,10,16,16,26,28,8,23,1,4,1,2,1,3,1,2,5.56,Male,0,1,0,0,0,1,1,1,95,95,1,1,0,2020,FALSE
881370062,13,17,19,20,30,29,18,26,2,3,1,2,0,3,0,1,5.58,Male,0,0,1,0,0,0,3,3,101,101,2,0,0,2016,FALSE
793292983,8,8,23,22,22,29,38,31,2,4,1,2,2,4,2,2,5.69,Male,0,1,0,0,0,0,4,2,103,103,1,0,0,2017,FALSE
793219550,13,16,24,22,23,28,27,32,3,4,2,2,4,3,2,3,5.47,Male,0,0,0,0,1,0,3,1,90,90,1,0,0,2017,TRUE
362818393,20,19,26,23,24,24,23,25,2,3,2,2,2,2,2,2,5.24,Male,1,0,0,0,0,0,1,1,109,109,2,2,2,2020,TRUE
430404748,8,17,21,21,22,26,26,29,1,2,1,1,1,2,2,2,5.07,Female,1,0,0,0,0,0,3,1,100,100,2,2,1,2017,FALSE
113846805,11,13,27,24,27,28,43,42,2,4,2,2,1,2,0,2,5.41,Male,1,0,0,0,0,0,3,2,104,98,2,2,0,2021,FALSE
267366889,12,20,27,30,30,31,45,38,2,3,3,3,2,2,2,2,5.32,Male,0,0,1,0,0,0,2,1,101,101,2,1,2,2016,FALSE
757018356,7,20,16,14,12,18,14,16,2,1,0,1,1,2,2,2,5.24,Female,0,1,0,0,0,0,1,1,97,97,2,1,0,2020,TRUE
912264092,6,15,20,17,24,23,15,21,1,2,0,1,1,1,1,2,5.03,Female,1,0,0,0,0,0,3,3,120,120,2,0,0,2016,TRUE
102625789,17,16,26,28,29,31,20,25,1,4,0,2,1,1,0,2,5.67,Male,0,1,0,0,0,0,1,1,91,89,0,0,0,2021,FALSE
330238370,9,15,24,29,27,30,38,34,2,4,1,2,2,5,1,3,5.75,Female,1,0,0,0,0,0,2,2,114,114,0,0,0,2016,FALSE
739463379,18,22,28,26,27,30,31,26,4,4,1,2,1,4,2,2,5.65,Male,0,0,0,0,1,1,2,1,95,95,2,1,1,2018,FALSE
391404332,9,16,23,26,28,30,12,29,2,3,2,2,1,4,2,3,5.53,Male,1,0,0,0,0,0,2,2,101,101,0,0,0,2020,FALSE
618117125,0,5,4,4,5,8,2,3,0,2,0,1,0,0,0,1,4.76,Female,0,1,0,0,0,0,3,1,89,89,1,1,0,2017,TRUE
798466876,31,31,31,31,28,28,40,30,2,3,1,2,2,4,1,1,4.70,Female,1,0,0,0,0,0,2,2,95,95,2,2,2,2017,FALSE
286316638,19,17,32,32,31,31,53,47,2,2,1,1,1,2,1,2,5.31,Female,1,0,0,0,0,0,1,1,114,114,1,1,1,2020,FALSE
106479601,12,17,21,27,24,29,27,34,4,4,1,2,2,3,1,2,5.62,Male,1,0,0,0,0,0,2,2,95,95,2,1,0,2018,FALSE
325978825,10,14,20,26,27,29,34,42,2,3,1,2,0,2,1,2,5.08,Female,1,0,0,0,0,0,2,2,113,105,2,2,0,2021,FALSE
972726062,10,9,16,15,17,25,13,23,2,1,1,1,1,1,2,2,4.88,Female,1,0,0,0,0,0,3,1,93,93,1,0,0,2018,TRUE
800219477,16,14,26,24,24,29,26,45,2,4,2,2,2,5,2,4,5.42,Male,1,0,0,0,0,0,3,2,104,104,2,2,2,2020,FALSE
141574444,12,18,20,18,24,31,13,30,2,2,1,1,2,3,0,1,5.07,Female,1,0,0,0,0,0,1,1,101,101,1,1,1,2020,TRUE
430108160,8,10,18,24,27,27,29,32,1,3,1,1,2,2,0,1,4.87,Male,1,0,0,0,0,0,3,2,95,93,0,0,0,2021,FALSE
185440386,13,14,19,20,22,27,18,23,1,2,1,2,0,2,2,2,5.25,Male,1,0,0,0,0,0,2,1,117,117,2,1,1,2018,FALSE
107648764,0,8,24,21,24,27,6,16,1,0,0,1,0,2,0,0,5.50,Male,0,1,0,0,0,0,4,4,89,89,0,0,0,2018,FALSE
378852972,11,15,20,27,27,30,16,23,2,2,1,2,1,1,0,2,5.99,Male,0,1,0,0,0,0,2,2,114,114,0,0,0,2018,FALSE
170782776,18,23,25,32,30,32,24,38,2,4,1,3,2,2,0,1,4.54,Female,1,0,0,0,0,0,1,1,105,105,2,1,2,2020,FALSE
436702979,16,15,23,32,34,31,65,51,2,3,2,2,2,2,1,2,5.29,Female,1,0,0,0,0,0,4,4,95,93,2,0,0,2021,FALSE
828217431,9,12,22,23,25,31,23,35,1,1,1,1,1,1,1,2,4.94,Male,1,0,0,0,0,0,2,2,95,95,2,2,0,2018,FALSE
287882787,6,10,12,13,17,17,10,27,0,3,0,2,0,2,0,2,5.43,Female,1,0,0,0,0,0,3,3,98,98,0,0,0,2017,TRUE
416884758,8,12,18,23,27,31,23,31,3,2,1,2,1,2,2,2,5.08,Male,0,1,0,0,0,0,2,1,102,97,2,2,1,2021,FALSE
211592595,9,18,27,30,31,30,30,28,2,4,1,2,1,3,2,2,5.45,Female,1,0,0,0,0,0,4,3,95,95,2,0,0,2020,FALSE
633339744,17,18,24,25,27,30,27,37,2,3,1,2,1,2,0,1,4.84,Male,1,0,0,0,0,0,2,2,120,120,2,2,2,2018,FALSE
464005405,11,11,16,18,21,25,22,36,1,3,1,2,2,2,0,2,5.28,Female,1,0,0,0,0,0,1,1,100,100,0,0,0,2018,FALSE
865029925,9,12,16,16,26,30,28,34,2,4,1,2,0,4,2,2,5.25,Male,1,0,0,0,0,0,2,1,97,97,2,0,0,2017,FALSE
504905368,7,12,20,21,21,23,33,33,2,3,1,2,1,2,2,2,5.02,Female,1,0,0,0,0,0,1,1,104,98,2,0,0,2021,FALSE
627359678,17,18,27,31,28,30,35,41,2,4,2,1,2,2,0,2,4.86,Male,1,0,0,0,0,0,2,1,91,89,1,1,0,2021,FALSE
311164366,11,15,24,26,24,26,34,42,1,2,1,1,0,2,0,2,5.07,Female,0,1,0,0,0,0,2,1,95,95,0,0,0,2017,FALSE
102837926,8,14,19,21,23,30,12,22,1,2,1,2,1,1,0,1,4.80,Male,1,0,0,0,0,0,3,3,103,103,1,1,1,2020,FALSE
790236508,5,6,7,6,10,12,2,2,0,2,0,1,0,2,0,0,4.54,Female,0,1,0,0,0,1,4,3,101,96,1,1,0,2021,TRUE
894592864,3,16,22,24,27,29,6,19,2,2,0,1,0,2,0,2,4.85,Female,1,0,0,0,0,0,2,2,93,93,1,0,0,2017,FALSE
886451603,13,15,22,18,22,26,33,32,2,3,1,2,2,2,2,2,5.70,Female,1,0,0,0,0,0,1,1,103,103,2,0,0,2018,FALSE
649584853,6,12,17,24,28,30,8,31,1,2,1,2,1,1,2,2,5.49,Female,0,0,0,0,1,0,3,2,98,98,2,1,1,2018,FALSE
305012664,17,22,27,30,30,31,53,48,3,5,2,2,1,2,2,3,5.65,Female,1,0,0,0,0,0,2,1,109,109,2,1,1,2020,FALSE
869987407,11,16,23,22,25,24,30,30,3,5,2,4,2,5,3,2,5.52,Male,1,0,0,0,0,0,2,1,112,112,2,2,2,2020,FALSE
719562889,17,21,22,21,28,30,12,34,2,3,1,2,3,2,1,2,5.87,Male,1,0,0,0,0,0,1,1,120,120,2,0,0,2016,FALSE
904346080,8,11,20,22,25,27,30,30,1,4,1,1,1,4,1,2,5.03,Female,1,0,0,0,0,0,2,1,120,120,2,2,2,2018,FALSE
788041581,14,18,24,27,30,28,35,36,2,5,1,2,1,2,2,2,4.87,Male,1,0,0,0,0,0,2,2,102,102,2,1,1,2016,FALSE
116555852,7,14,19,18,22,28,21,41,1,2,1,2,0,2,2,2,5.81,Male,0,1,0,0,0,0,3,1,102,97,2,2,2,2021,TRUE
388806925,9,14,15,21,24,28,12,31,1,2,1,2,1,2,0,2,4.87,Female,1,0,0,0,0,0,2,2,94,94,1,0,0,2020,FALSE
535102890,22,23,28,28,30,31,31,42,3,3,2,2,2,2,2,2,4.92,Male,1,0,0,0,0,0,1,1,95,95,0,0,0,2020,FALSE
789756071,14,26,27,24,26,27,35,36,4,4,2,3,3,4,1,2,5.54,Female,1,0,0,0,0,0,3,3,102,102,2,2,0,2020,FALSE
480343612,7,13,24,21,25,25,13,37,1,3,0,2,0,2,0,2,5.06,Female,1,0,0,0,0,0,2,1,97,97,0,0,0,2017,TRUE
394033298,14,21,26,28,32,30,28,35,2,4,1,2,2,2,0,3,4.85,Female,1,0,0,0,0,0,3,2,101,101,2,1,2,2016,FALSE
461944511,5,10,15,18,20,24,27,35,4,5,3,2,2,4,2,2,5.59,Male,1,0,0,0,0,0,4,2,120,120,2,2,1,2017,FALSE
984030274,11,16,25,30,30,30,31,20,3,4,2,2,0,2,2,2,5.79,Male,1,0,0,0,0,0,3,3,114,114,1,1,1,2018,FALSE
376162073,14,21,24,24,27,32,22,35,2,3,2,2,2,3,2,2,4.72,Female,1,0,0,0,0,0,4,2,101,101,2,1,0,2020,FALSE
229939530,11,22,24,28,30,30,18,43,2,4,1,2,2,4,2,2,5.27,Female,1,0,0,0,0,0,3,2,114,102,2,2,2,2021,FALSE
870416224,6,11,20,22,27,31,33,37,1,3,1,2,1,2,0,2,4.68,Female,1,0,0,0,0,0,4,4,78,78,1,0,0,2021,FALSE
580445419,15,19,20,21,23,26,33,40,2,2,1,1,1,2,2,2,5.82,Male,0,0,0,0,1,0,3,1,104,104,2,1,1,2020,FALSE
850824000,2,11,15,8,12,16,4,12,0,2,0,1,0,1,0,2,5.79,Male,0,1,0,0,0,0,2,1,99,99,2,2,2,2017,TRUE
405784096,9,14,23,23,27,29,15,28,1,3,1,1,1,3,1,2,5.39,Female,0,1,0,0,0,1,3,2,114,114,2,1,1,2020,FALSE
315244503,3,10,16,17,21,29,0,11,2,3,1,1,1,1,0,0,5.14,Male,1,0,0,0,0,0,2,1,101,101,2,2,1,2017,FALSE
807289821,9,7,17,17,17,22,12,27,1,1,1,1,1,2,1,1,4.83,Female,0,1,0,0,0,0,2,2,92,92,2,0,1,2020,TRUE
753764877,17,19,25,25,24,27,44,37,4,5,2,4,2,5,2,2,5.39,Male,1,0,0,0,0,0,2,1,120,120,2,2,2,2018,FALSE
335334912,2,9,22,17,20,24,19,29,1,3,1,1,2,2,2,3,4.56,Female,1,0,0,0,0,0,1,1,103,103,1,0,0,2018,TRUE
784436585,11,14,23,24,27,30,24,27,2,2,1,1,1,1,0,1,4.96,Female,1,0,0,0,0,0,2,1,114,114,1,0,0,2016,FALSE
848773247,0,12,23,24,24,29,15,29,1,3,1,1,1,3,0,2,5.03,Female,1,0,0,0,0,0,2,1,116,116,0,0,0,2018,FALSE
477794991,7,17,28,21,26,29,21,28,3,3,1,1,1,2,2,2,5.01,Female,0,1,0,0,0,1,2,2,99,94,2,1,0,2021,FALSE
510670743,12,23,28,30,30,30,28,31,2,4,1,2,2,4,0,2,5.06,Female,1,0,0,0,0,0,2,2,101,101,2,2,2,2016,FALSE
641255075,12,18,27,26,27,30,37,37,1,4,1,2,1,2,2,2,5.29,Female,1,0,0,0,0,0,2,1,120,120,2,2,2,2017,FALSE
821495563,22,30,27,28,28,27,27,31,3,4,1,2,0,4,2,2,4.95,Female,1,0,0,0,0,0,2,2,95,95,2,0,2,2018,FALSE
845279831,18,20,24,25,23,26,71,36,3,5,2,2,2,4,2,2,5.38,Male,1,0,0,0,0,0,3,1,102,102,2,0,0,2020,FALSE
470842123,12,16,27,24,24,24,26,39,2,2,1,2,2,2,1,2,4.89,Female,0,0,1,0,0,0,1,1,95,95,1,0,0,2017,FALSE
418889793,16,19,26,29,28,31,22,29,1,4,0,2,0,4,0,2,5.41,Male,1,0,0,0,0,0,2,1,116,104,2,2,2,2021,FALSE
215513479,3,9,16,18,20,22,10,12,0,1,0,2,0,2,0,0,5.60,Female,0,1,0,0,0,1,4,3,94,94,2,0,0,2020,FALSE
164682247,9,8,15,15,17,23,31,29,2,2,1,2,1,3,0,2,4.87,Female,1,0,0,0,0,0,1,1,101,96,0,0,0,2021,FALSE
251863996,10,11,22,24,26,27,25,43,1,3,1,2,1,3,0,2,5.30,Male,0,1,0,0,0,0,2,2,113,105,2,1,1,2021,FALSE
592632581,17,22,21,25,32,32,22,32,2,4,1,3,1,2,3,2,5.85,Male,1,0,0,0,0,0,2,2,114,114,1,1,1,2018,FALSE
328187307,0,14,16,16,16,24,5,25,2,3,1,1,1,2,1,2,5.73,Male,0,1,0,0,0,0,5,2,116,116,2,0,0,2017,TRUE
947672682,9,13,22,21,22,26,37,27,2,3,1,2,1,2,1,2,5.73,Female,1,0,0,0,0,0,2,2,120,120,2,0,2,2017,FALSE
444767949,9,14,19,23,25,28,19,39,2,5,1,2,1,4,1,2,5.14,Female,1,0,0,0,0,0,2,2,95,93,2,2,2,2021,FALSE
608532836,4,16,22,24,27,32,19,35,1,2,1,2,1,4,0,1,4.55,Female,1,0,0,0,0,0,1,1,116,116,0,0,0,2017,FALSE
311097543,22,19,22,27,27,31,38,39,1,4,1,2,2,3,2,2,4.64,Female,1,0,0,0,0,0,1,1,95,95,0,0,0,2018,FALSE
575266438,10,17,20,25,25,30,14,27,1,1,1,1,1,1,1,2,4.88,Female,1,0,0,0,0,0,1,1,109,109,1,0,0,2020,FALSE
504157406,28,29,32,27,28,32,42,35,5,5,2,3,4,5,2,4,4.82,Male,1,0,0,0,0,0,4,4,107,107,2,2,2,2017,FALSE
421014141,2,12,19,17,17,17,3,4,1,1,1,1,0,1,0,2,5.35,Male,1,0,0,0,0,0,1,1,88,88,0,0,0,2018,TRUE
582161046,8,14,23,19,22,25,19,36,1,2,1,1,1,2,1,2,5.04,Male,0,1,0,0,0,0,4,3,115,115,2,1,2,2020,TRUE
331921000,29,27,28,29,33,30,40,40,4,4,2,3,2,4,1,4,5.37,Male,1,0,0,0,0,0,2,1,114,114,2,0,2,2018,FALSE
986541822,7,7,20,19,23,25,10,31,1,3,0,1,0,1,0,2,4.64,Male,1,0,0,0,0,0,2,1,78,78,2,2,2,2020,FALSE
442563462,11,10,19,19,26,28,18,24,1,3,1,2,1,3,0,2,5.67,Male,0,1,0,0,0,1,2,1,110,110,2,1,2,2018,TRUE
841503066,8,12,24,24,27,33,13,39,0,3,1,1,0,2,1,2,5.03,Female,1,0,0,0,0,0,2,1,120,109,2,2,2,2021,FALSE
783458162,12,21,21,23,23,31,37,39,3,4,1,2,2,2,2,3,5.44,Female,0,0,1,0,0,0,2,1,113,102,2,0,0,2021,FALSE
880021191,11,13,21,21,28,29,23,23,2,2,1,2,2,4,0,2,5.05,Male,1,0,0,0,0,0,2,2,115,115,2,1,1,2017,TRUE
405888919,7,14,23,20,24,26,9,26,0,2,0,1,0,3,0,2,5.15,Female,0,1,0,0,0,0,3,3,114,114,2,0,2,2020,FALSE
996728290,14,17,25,26,28,29,27,33,1,3,0,2,1,1,1,1,5.66,Female,1,0,0,0,0,0,2,1,114,102,2,2,2,2021,FALSE
548619798,22,26,30,30,31,32,24,36,2,4,1,2,1,4,1,3,5.71,Female,1,0,0,0,0,0,1,1,95,95,2,1,1,2018,FALSE
602022270,2,8,20,22,23,29,18,27,2,2,1,2,1,2,2,2,4.98,Male,1,0,0,0,0,0,5,3,88,88,0,0,0,2018,FALSE
793349183,8,11,17,17,19,24,13,26,2,4,1,1,1,1,2,1,5.48,Female,1,0,0,0,0,0,3,3,97,97,1,0,0,2017,FALSE
191196543,7,9,19,16,20,33,14,30,1,2,1,2,1,2,2,2,5.76,Female,1,0,0,0,0,0,2,2,96,96,2,2,0,2020,FALSE
973392275,9,15,18,17,20,23,16,38,1,2,1,1,0,2,0,2,5.22,Female,0,1,0,0,0,0,1,1,101,101,0,0,0,2020,TRUE
590281091,6,11,18,24,24,27,7,9,0,2,0,1,0,2,0,2,4.69,Female,1,0,0,0,0,0,4,3,94,94,2,2,2,2020,FALSE
194103009,13,16,24,23,24,30,30,33,1,3,1,2,2,2,2,2,5.45,Female,1,0,0,0,0,0,3,1,98,98,2,0,1,2017,FALSE
114548647,14,14,26,20,23,25,28,28,2,2,1,2,2,2,2,2,5.10,Female,1,0,0,0,0,0,4,2,104,98,2,2,2,2021,FALSE
427560384,6,10,19,17,23,25,42,37,2,4,2,2,1,2,2,2,5.29,Male,1,0,0,0,0,0,2,2,103,103,2,1,1,2018,FALSE
877665455,10,13,17,20,23,26,20,29,1,2,1,2,0,1,0,2,5.16,Male,0,1,0,0,0,0,3,3,114,102,2,2,2,2021,FALSE
358542107,15,13,17,19,21,21,31,30,2,4,1,2,2,4,2,1,5.63,Female,0,1,0,0,0,1,3,3,102,102,2,2,2,2018,FALSE
938631973,10,11,19,21,25,27,19,19,1,2,1,2,0,0,0,2,5.01,Female,0,1,0,0,0,0,3,3,95,95,0,0,0,2017,TRUE
913913334,11,12,25,19,25,29,36,24,2,3,1,1,1,2,1,2,5.65,Female,1,0,0,0,0,0,2,2,114,114,2,0,1,2016,FALSE
774700870,13,19,26,26,24,28,22,32,2,3,1,2,0,2,2,1,5.76,Male,1,0,0,0,0,0,3,1,95,95,2,0,1,2018,FALSE
625605124,18,22,24,27,26,30,34,53,5,5,2,3,3,5,2,2,4.98,Male,1,0,0,0,0,0,2,1,113,105,2,2,2,2021,FALSE
334186737,27,25,29,33,29,31,28,30,3,4,1,2,1,2,0,2,5.16,Female,0,0,1,0,0,0,2,1,101,101,2,2,2,2016,FALSE
809287834,11,9,16,24,25,26,25,31,2,3,1,2,3,3,1,2,5.69,Male,0,1,0,0,0,0,3,3,115,115,2,2,1,2017,FALSE
635663664,7,13,20,25,28,30,20,37,1,4,1,2,1,2,0,2,5.25,Male,1,0,0,0,0,0,1,1,95,95,2,1,2,2018,TRUE
111791320,7,10,17,24,24,29,34,36,2,1,1,1,1,2,1,1,5.58,Female,1,0,0,0,0,0,1,1,95,92,2,1,0,2021,FALSE
915657611,6,8,19,18,29,30,11,15,0,4,0,2,0,2,1,2,5.52,Male,1,0,0,0,0,0,4,2,78,78,2,0,0,2021,FALSE
133345047,3,9,16,17,20,19,6,16,1,2,1,2,0,1,1,2,4.60,Male,0,1,0,0,0,1,5,4,97,97,0,0,0,2016,FALSE
422689131,8,10,23,23,19,27,21,22,2,3,1,2,1,2,1,1,5.31,Female,0,1,0,0,0,0,3,3,108,108,2,2,2,2020,TRUE
426609195,24,22,30,25,28,27,27,37,3,4,2,3,4,4,2,2,5.35,Male,0,0,1,0,0,0,2,1,97,97,2,2,2,2017,FALSE
924843087,10,17,26,25,27,29,18,33,2,1,1,2,4,3,2,1,5.38,Female,1,0,0,0,0,0,4,3,105,105,2,2,1,2020,FALSE
390444342,6,15,16,18,24,24,10,14,0,2,1,1,0,1,0,2,5.12,Female,1,0,0,0,0,0,4,4,98,98,1,0,0,2018,FALSE
193373546,20,29,31,25,28,28,38,35,2,3,1,2,1,2,2,1,5.52,Female,1,0,0,0,0,0,3,3,95,95,2,2,1,2018,FALSE
456558264,5,16,22,20,24,29,18,27,3,4,2,2,2,3,1,2,4.92,Male,1,0,0,0,0,0,2,2,99,99,2,2,1,2020,FALSE
292540727,13,15,20,18,19,24,28,33,1,4,1,2,1,0,0,2,4.62,Male,1,0,0,0,0,0,2,1,95,95,0,0,0,2017,FALSE
112046831,16,24,20,24,28,28,22,34,1,4,1,2,1,2,0,1,5.27,Male,1,0,0,0,0,0,2,2,120,120,0,0,0,2017,FALSE
558857889,0,5,11,10,13,15,10,13,0,2,0,1,1,1,1,2,5.69,Female,1,0,0,0,0,0,1,1,105,105,0,0,0,2018,TRUE
626222864,11,11,24,25,28,29,23,43,2,2,1,2,2,2,2,2,5.11,Female,1,0,0,0,0,0,2,2,107,107,2,2,2,2020,FALSE
395196851,5,7,14,17,14,18,7,7,1,2,0,2,0,0,0,2,5.92,Male,0,1,0,0,0,0,2,1,97,93,2,0,0,2020,TRUE
264828710,11,13,21,24,25,29,19,23,2,5,1,2,2,4,0,2,5.24,Male,1,0,0,0,0,0,3,2,94,94,2,0,1,2020,FALSE
658000344,7,15,19,19,19,22,26,33,2,3,1,2,2,3,2,2,5.14,Female,1,0,0,0,0,0,2,2,99,94,2,0,0,2021,TRUE
986433166,9,16,21,22,23,26,31,33,2,4,1,2,2,3,0,2,5.48,Male,0,1,0,0,0,0,3,1,113,113,2,1,1,2020,FALSE
757757789,6,15,19,16,21,28,7,23,0,4,1,1,1,2,0,2,5.82,Female,0,1,0,0,0,0,3,1,116,116,2,2,2,2017,FALSE
464487735,17,20,26,26,28,31,56,58,5,5,2,3,5,5,3,4,5.26,Female,1,0,0,0,0,0,2,2,91,89,2,0,1,2021,FALSE
434703144,5,4,18,19,23,30,14,19,1,1,2,1,0,1,1,0,4.55,Female,1,0,0,0,0,0,2,1,89,89,2,0,0,2018,FALSE
728958163,16,15,21,23,30,32,16,43,1,3,1,2,1,3,0,1,5.35,Male,1,0,0,0,0,0,2,2,95,95,2,2,1,2020,FALSE
478027498,10,16,29,23,22,25,14,41,2,2,1,1,1,1,0,0,5.15,Female,1,0,0,0,0,0,2,1,94,94,0,2,0,2020,FALSE
860767528,9,16,20,15,17,24,16,13,2,2,1,2,1,2,1,2,5.89,Male,0,1,0,0,0,0,1,1,104,104,2,0,1,2020,TRUE
901184643,27,27,29,31,28,28,17,42,2,5,1,2,2,2,0,2,5.91,Male,1,0,0,0,0,0,2,2,105,105,2,2,1,2020,FALSE
597004088,11,19,18,20,24,26,27,42,2,1,1,2,2,2,1,2,5.10,Female,1,0,0,0,0,0,1,1,94,94,1,1,0,2020,FALSE
575061660,6,13,17,19,22,26,22,35,2,2,1,1,2,2,0,2,5.54,Female,1,0,0,0,0,0,2,2,97,97,1,0,0,2017,FALSE
352571545,14,17,22,22,23,26,17,31,2,2,1,1,1,3,2,2,5.29,Female,0,0,0,0,1,0,2,1,97,97,0,0,0,2016,FALSE
250916615,2,6,8,6,12,20,2,2,0,2,0,1,0,1,0,1,4.51,Female,0,1,0,0,0,0,3,3,78,78,0,0,0,2021,TRUE
951263314,21,27,31,28,30,30,22,45,3,4,1,2,2,5,1,4,4.79,Female,1,0,0,0,0,0,3,1,109,109,2,0,0,2020,FALSE
259325860,11,13,18,24,29,26,16,43,2,4,1,2,1,2,0,2,5.38,Male,1,0,0,0,0,0,2,1,116,109,2,0,0,2020,FALSE
589153153,15,15,19,19,22,28,11,26,2,3,1,1,1,2,2,1,5.53,Male,1,0,0,0,0,0,1,1,88,88,0,0,0,2018,FALSE
839170315,19,20,25,29,29,30,28,33,3,4,1,3,3,2,2,2,5.67,Female,0,1,0,0,0,1,4,3,107,107,2,1,2,2017,FALSE
347795423,31,30,31,27,27,29,33,37,2,5,1,2,1,4,1,2,5.33,Female,1,0,0,0,0,0,2,1,95,95,0,0,0,2018,FALSE
296699293,5,17,19,19,19,23,18,37,1,4,1,2,0,2,1,2,5.24,Female,1,0,0,0,0,0,3,1,78,78,2,0,0,2020,FALSE
789699610,10,15,19,21,23,30,39,27,2,2,1,2,1,2,2,2,5.55,Female,1,0,0,0,0,0,2,2,114,114,0,0,0,2016,FALSE
225564398,16,17,21,22,26,27,12,36,3,3,2,2,1,1,1,0,5.60,Female,1,0,0,0,0,0,2,2,101,101,2,1,1,2016,FALSE
480021960,16,17,23,26,27,31,18,45,1,2,1,2,0,2,1,1,5.60,Female,1,0,0,0,0,0,2,2,105,105,2,0,0,2020,FALSE
618264024,11,15,20,26,29,27,23,24,2,2,1,1,1,2,1,2,5.54,Male,1,0,0,0,0,0,1,1,89,89,0,0,0,2017,FALSE
138800460,7,10,15,17,18,22,19,33,1,4,1,2,1,0,1,2,5.15,Female,1,0,0,0,0,0,3,2,120,120,2,2,2,2017,TRUE
258641720,5,15,21,21,19,26,23,20,2,3,1,2,1,2,0,2,4.79,Female,0,1,0,0,0,0,3,2,99,99,2,2,0,2017,FALSE
435070767,6,13,16,11,17,29,7,13,0,2,1,1,0,1,0,0,4.67,Female,0,1,0,0,0,0,2,1,116,116,2,2,2,2017,FALSE
760530747,7,12,22,21,23,24,16,28,2,4,1,2,1,2,1,2,5.32,Male,0,1,0,0,0,1,3,3,116,116,0,0,0,2018,FALSE
471218094,4,7,19,19,20,24,10,15,1,3,0,1,0,4,1,2,5.44,Male,0,1,0,0,0,0,1,1,89,89,1,1,0,2017,TRUE
258030135,17,19,24,22,26,29,33,30,3,4,2,2,2,4,2,2,4.90,Male,1,0,0,0,0,0,2,1,113,113,2,2,2,2017,FALSE
291311020,20,19,28,31,31,29,43,44,3,3,2,2,2,2,2,2,4.64,Female,1,0,0,0,0,0,2,1,109,109,2,2,1,2020,FALSE
189187432,5,12,25,26,28,29,20,32,2,2,1,2,2,2,0,1,5.61,Female,1,0,0,0,0,0,2,1,94,94,2,1,1,2020,FALSE
443435801,12,19,22,30,29,30,15,12,1,3,1,2,0,1,0,2,4.71,Male,1,0,0,0,0,0,2,2,114,114,2,2,1,2018,FALSE
558486528,8,14,22,23,23,25,15,26,2,3,0,2,2,2,0,2,5.30,Male,1,0,0,0,0,0,1,1,104,104,0,0,0,2017,FALSE
318617003,14,16,24,24,30,28,26,18,2,1,2,2,1,0,2,2,5.50,Female,1,0,0,0,0,0,2,1,101,101,2,0,1,2016,FALSE
517365177,2,4,10,10,12,16,6,9,1,2,1,2,1,3,2,1,5.04,Male,0,0,0,0,1,0,4,3,114,114,2,1,2,2016,TRUE
116992694,16,24,28,28,30,32,11,31,3,4,1,2,0,1,0,1,5.30,Male,0,1,0,0,0,0,2,1,114,114,2,2,2,2018,FALSE
212594997,8,15,19,24,27,30,14,34,2,3,1,2,1,2,1,2,5.69,Male,1,0,0,0,0,0,1,1,103,103,0,0,0,2017,FALSE
991757423,13,18,19,22,27,26,14,39,1,5,1,2,2,2,2,2,5.64,Female,1,0,0,0,0,0,1,1,120,120,0,0,0,2016,FALSE
142665908,6,8,18,24,26,23,14,30,2,1,0,1,1,3,0,1,4.78,Female,0,1,0,0,0,0,2,2,97,97,0,0,0,2016,FALSE
945894916,14,15,24,22,24,27,9,28,2,3,1,2,2,2,2,2,5.37,Female,1,0,0,0,0,0,1,1,115,115,2,0,2,2017,FALSE
576064722,9,18,22,21,25,30,35,34,1,2,1,1,1,2,1,2,5.35,Male,1,0,0,0,0,0,2,1,95,98,2,0,0,2020,FALSE
181772313,7,11,15,20,22,27,16,31,1,2,1,1,1,1,0,0,4.84,Male,1,0,0,0,0,0,3,2,97,97,2,1,2,2018,FALSE
364596872,13,14,18,18,28,29,21,41,2,3,1,2,1,2,2,2,4.95,Male,1,0,0,0,0,0,1,1,95,95,0,0,0,2018,FALSE
884049011,7,11,21,18,25,28,19,23,2,2,1,2,2,4,1,0,4.90,Male,1,0,0,0,0,0,3,2,112,112,2,0,1,2018,FALSE
360731476,7,15,17,19,23,29,18,24,2,4,1,2,0,4,0,2,4.96,Male,1,0,0,0,0,0,3,1,110,110,2,2,1,2018,FALSE
592592500,8,17,25,23,23,28,42,46,2,2,2,1,2,2,1,2,5.95,Female,1,0,0,0,0,0,2,1,99,94,2,0,2,2021,FALSE
464386095,14,18,18,22,25,30,24,38,1,2,1,1,2,3,2,2,5.47,Male,1,0,0,0,0,0,3,1,95,95,2,0,2,2018,TRUE
881590995,12,23,27,20,24,26,19,36,2,3,1,2,2,2,2,2,5.34,Male,1,0,0,0,0,0,3,3,95,95,0,0,0,2018,FALSE
397606072,0,13,15,14,17,24,16,25,1,2,1,1,0,1,0,2,5.87,Female,0,1,0,0,0,0,1,1,116,116,2,2,2,2016,FALSE
811997081,18,19,22,24,25,25,17,30,2,2,1,1,1,1,2,0,4.59,Male,1,0,0,0,0,0,2,1,95,95,0,0,0,2018,TRUE
893014667,6,11,18,20,18,21,5,20,0,0,1,1,1,1,0,1,4.84,Female,0,1,0,0,0,0,4,2,95,95,1,0,0,2018,FALSE
332093120,4,9,11,14,15,15,11,15,0,1,0,1,0,1,0,1,5.39,Male,0,1,0,0,0,1,3,3,92,92,2,0,1,2016,TRUE
341790284,8,13,24,22,27,28,23,39,1,2,0,1,0,1,0,1,4.70,Female,1,0,0,0,0,0,2,2,103,103,2,2,0,2020,FALSE
226683177,27,30,30,30,30,31,58,39,4,4,2,2,4,5,2,2,5.67,Female,1,0,0,0,0,0,3,1,101,101,2,1,2,2017,FALSE
692397760,6,8,16,18,18,23,11,19,1,4,1,2,1,5,0,2,5.30,Male,0,1,0,0,0,0,2,1,94,94,2,2,2,2018,FALSE
658699293,8,11,17,19,23,27,14,28,1,1,0,1,1,1,0,0,6.53,Female,0,1,0,0,0,0,2,1,95,93,0,0,0,2021,TRUE
638196160,23,21,26,24,29,29,47,46,2,3,1,2,2,2,1,2,5.33,Female,1,0,0,0,0,0,2,2,94,95,1,1,1,2020,FALSE
441330757,5,10,20,21,20,24,15,10,2,2,0,2,1,2,2,2,5.37,Female,1,0,0,0,0,0,3,2,95,95,2,1,1,2018,TRUE
300303109,13,17,27,28,27,30,48,39,0,5,2,3,1,5,2,2,5.11,Male,1,0,0,0,0,0,2,2,114,114,2,1,1,2017,FALSE
498616166,14,19,22,25,28,27,28,35,2,1,1,2,2,2,1,2,5.34,Female,1,0,0,0,0,0,3,2,102,102,2,2,2,2018,FALSE
552491295,17,18,25,20,21,26,37,36,2,4,2,2,2,2,2,2,5.36,Male,0,0,0,0,1,1,1,1,95,95,0,0,0,2018,FALSE
728021742,14,19,19,16,19,25,42,42,3,3,2,2,2,4,2,3,4.99,Female,1,0,0,0,0,0,3,3,99,94,2,1,1,2021,FALSE
575670909,13,16,19,21,23,28,33,36,1,3,1,1,0,2,0,2,5.80,Female,0,1,0,0,0,0,2,1,113,105,2,2,2,2021,FALSE
778347087,15,17,22,24,28,31,13,28,2,3,1,2,0,3,1,2,5.65,Male,0,1,0,0,0,0,2,2,99,99,1,0,1,2017,FALSE
841608164,5,8,17,19,22,24,6,28,0,3,0,1,0,1,0,2,5.76,Male,0,1,0,0,0,0,4,3,97,97,2,2,0,2020,TRUE
588292295,19,18,27,26,30,28,81,47,3,5,2,4,4,5,2,4,5.26,Female,1,0,0,0,0,0,3,2,91,89,2,0,0,2021,FALSE
923720881,11,15,26,26,25,29,30,37,4,4,2,2,3,2,2,2,5.42,Female,1,0,0,0,0,0,2,2,113,113,2,1,1,2016,FALSE
523497899,6,4,18,19,20,24,11,11,1,2,0,1,0,2,0,0,5.29,Male,0,1,0,0,0,0,2,1,97,97,2,0,1,2020,FALSE
565581198,15,16,21,22,26,27,32,30,3,3,1,2,2,2,0,2,5.20,Female,1,0,0,0,0,0,1,1,95,95,2,2,2,2018,FALSE
706411900,15,19,24,22,25,30,54,40,2,3,1,2,3,2,2,2,4.95,Female,1,0,0,0,0,0,4,2,120,120,2,1,0,2016,FALSE
965539795,-1,13,14,12,16,21,9,12,0,3,1,2,0,1,0,0,4.93,Female,0,1,0,0,0,0,1,1,116,116,0,0,0,2017,TRUE
126003992,3,7,20,21,23,27,6,19,2,3,1,1,1,1,2,1,4.77,Male,0,1,0,0,0,0,2,1,104,98,2,2,1,2021,TRUE
619909405,5,8,23,21,24,30,17,30,1,2,1,2,1,2,2,1,5.48,Male,1,0,0,0,0,0,3,3,95,93,1,0,0,2021,FALSE
977753165,20,23,24,32,29,30,13,45,1,4,1,2,1,3,1,2,4.93,Female,0,1,0,0,0,0,1,1,91,91,2,0,0,2020,FALSE
222190479,12,16,24,26,28,27,21,42,1,2,1,1,1,2,2,2,5.85,Female,0,0,1,0,0,0,2,2,91,91,1,1,1,2020,FALSE
865957074,7,19,23,27,27,32,4,29,1,1,1,1,0,3,2,2,5.46,Male,1,0,0,0,0,0,4,2,94,94,2,2,1,2018,TRUE
554234403,20,23,26,24,24,29,26,38,2,4,1,1,1,2,2,0,5.22,Male,1,0,0,0,0,0,2,2,103,103,0,0,0,2017,FALSE
734098044,6,14,19,22,26,30,10,14,1,2,1,1,1,2,2,2,4.84,Male,1,0,0,0,0,0,1,1,95,95,1,1,1,2017,FALSE
190850137,7,13,20,22,28,30,13,24,2,3,1,2,2,2,1,2,5.25,Female,1,0,0,0,0,0,4,3,95,95,2,1,1,2018,FALSE
656538401,5,16,22,19,23,25,21,32,2,2,1,2,1,3,2,2,5.87,Male,1,0,0,0,0,0,3,2,95,95,2,0,1,2017,FALSE
712023747,26,24,27,29,30,31,38,50,3,4,2,2,2,4,2,2,5.80,Male,0,0,1,0,0,0,1,1,95,95,2,1,1,2020,FALSE
753929108,9,17,20,21,29,30,15,44,2,3,1,2,1,3,1,2,5.29,Female,1,0,0,0,0,0,1,1,103,103,2,2,2,2020,FALSE
647460914,9,8,21,22,24,27,24,30,2,3,1,1,2,2,1,2,5.27,Female,1,0,0,0,0,0,2,2,113,113,2,2,2,2016,TRUE
874861810,9,15,26,21,25,27,28,9,1,2,1,1,1,1,1,1,4.98,Female,0,1,0,0,0,1,2,1,99,99,0,0,0,2020,FALSE
415986621,27,28,28,28,33,30,41,48,3,4,1,2,2,4,0,1,5.35,Male,1,0,0,0,0,0,2,2,94,91,0,0,0,2021,FALSE
847894908,8,10,19,15,20,23,17,24,2,3,1,2,2,3,0,2,5.30,Female,0,1,0,0,0,0,2,2,92,92,2,2,0,2018,TRUE
700988361,25,26,30,28,31,29,15,45,2,4,1,2,1,4,2,3,4.52,Male,0,0,0,0,1,1,1,1,95,95,2,1,1,2020,FALSE
925830785,9,11,18,18,18,22,23,36,2,3,1,2,0,3,0,0,5.45,Female,1,0,0,0,0,0,3,3,112,112,2,0,0,2020,FALSE
517338679,17,26,25,28,30,29,8,37,2,2,0,0,0,2,1,2,4.90,Female,1,0,0,0,0,0,2,1,109,109,2,1,0,2020,TRUE
246274355,15,18,29,32,31,29,33,34,3,5,1,2,2,5,2,2,4.92,Female,1,0,0,0,0,0,3,3,95,95,1,1,1,2017,FALSE
991845287,6,12,21,19,19,25,21,19,2,2,1,1,1,2,0,1,5.17,Male,1,0,0,0,0,0,1,1,94,94,1,1,2,2017,FALSE
826306462,18,18,28,31,29,30,29,44,1,2,1,1,1,2,1,2,4.91,Female,1,0,0,0,0,0,3,3,116,116,2,2,2,2020,FALSE
150192984,17,25,28,30,30,29,28,45,2,4,0,1,2,2,1,2,5.11,Female,1,0,0,0,0,0,3,1,103,103,2,1,2,2020,FALSE
174145044,11,10,20,19,22,23,30,32,2,3,0,1,1,2,2,2,4.98,Female,1,0,0,0,0,0,3,3,95,95,1,1,0,2018,FALSE
782287085,9,17,21,18,27,30,10,33,2,3,1,1,1,3,1,2,5.61,Female,1,0,0,0,0,0,2,1,101,96,2,1,1,2021,FALSE
821916378,5,11,11,11,13,14,11,25,0,1,0,1,0,0,0,0,5.13,Female,0,1,0,0,0,0,5,3,97,97,2,0,0,2020,TRUE
263107554,7,12,20,20,19,24,21,27,1,1,1,1,1,1,1,2,4.84,Female,1,0,0,0,0,0,2,1,95,95,2,0,1,2017,TRUE
859161706,6,8,17,18,17,21,27,33,1,3,1,2,1,2,2,2,4.90,Female,1,0,0,0,0,0,2,1,120,120,2,2,2,2017,TRUE
259087099,6,16,15,16,18,21,7,11,2,2,1,1,1,2,2,2,5.00,Male,1,0,0,0,0,0,2,1,120,120,2,2,2,2017,FALSE
713767072,6,15,19,24,27,30,20,25,2,4,1,2,1,4,2,2,5.68,Male,1,0,0,0,0,0,1,1,114,114,0,0,0,2016,FALSE
982562219,9,17,24,24,27,30,10,28,1,3,0,2,0,2,1,2,5.28,Male,1,0,0,0,0,0,1,1,114,104,1,1,1,2021,FALSE
899666671,24,28,28,30,30,30,53,48,3,5,1,3,1,4,2,2,5.51,Female,1,0,0,0,0,0,2,1,95,95,2,2,2,2020,FALSE
734561613,16,21,23,28,28,32,16,43,1,2,1,2,1,4,1,2,5.83,Male,1,0,0,0,0,0,2,2,114,114,2,2,2,2020,FALSE
495855623,9,12,22,23,28,29,27,28,2,3,1,2,2,2,0,2,5.95,Male,1,0,0,0,0,0,3,3,99,99,2,0,0,2017,FALSE
990812034,0,8,16,10,16,18,5,7,1,3,0,1,1,2,0,2,5.47,Male,0,1,0,0,0,0,2,2,97,97,1,0,1,2018,TRUE
188678775,14,14,22,21,24,29,17,37,2,2,1,3,4,4,1,2,5.50,Male,1,0,0,0,0,0,2,1,120,120,2,1,1,2016,FALSE
973602075,8,18,19,24,25,32,45,28,2,2,1,2,2,4,2,2,5.68,Female,1,0,0,0,0,0,6,3,104,104,2,0,0,2017,FALSE
781214088,12,14,21,22,27,31,25,32,2,3,1,2,2,2,2,2,5.79,Female,1,0,0,0,0,0,3,1,110,110,2,2,2,2018,FALSE
573257234,17,22,29,28,29,29,41,43,2,2,1,2,0,2,2,4,5.28,Female,1,0,0,0,0,0,3,3,104,104,2,2,2,2020,FALSE
852741293,8,6,13,19,17,20,18,24,2,3,1,1,0,2,0,2,4.75,Male,0,1,0,0,0,0,5,4,97,97,1,0,0,2020,TRUE
519014810,6,13,18,21,21,20,7,15,1,2,1,1,1,2,1,1,5.28,Male,1,0,0,0,0,0,3,1,96,95,2,2,2,2021,TRUE
118042634,10,6,13,16,18,23,4,13,2,3,1,1,1,3,1,2,5.33,Male,0,0,0,0,1,1,3,2,88,88,2,2,1,2018,TRUE
288624051,19,29,30,30,32,31,35,30,2,2,1,2,2,3,2,2,4.65,Male,1,0,0,0,0,0,1,1,95,95,2,2,1,2017,FALSE
981761040,5,10,17,18,18,23,12,8,1,3,1,2,1,2,2,2,5.09,Male,1,0,0,0,0,0,2,2,115,104,2,2,1,2021,TRUE
167608542,0,11,10,12,14,19,5,12,1,2,1,1,1,1,1,2,4.73,Female,1,0,0,0,0,0,1,1,88,88,2,0,0,2018,TRUE
417487641,9,10,18,17,25,28,15,34,2,3,1,2,0,0,0,0,5.22,Male,1,0,0,0,0,0,2,2,92,87,2,1,1,2021,FALSE
273531982,13,20,26,29,28,30,13,23,2,2,1,2,2,2,0,2,4.73,Female,1,0,0,0,0,0,2,1,114,102,2,2,0,2021,FALSE
608422090,30,31,30,32,30,30,48,38,4,5,2,3,5,5,3,3,5.53,Male,1,0,0,0,0,0,3,1,101,101,2,1,2,2017,FALSE
680491029,12,13,22,19,22,30,19,39,2,2,1,2,1,4,0,2,4.68,Male,1,0,0,0,0,0,2,2,103,103,2,2,2,2020,FALSE
759482532,13,18,20,20,21,25,16,33,1,2,1,2,1,2,1,2,4.90,Female,1,0,0,0,0,0,1,1,109,109,1,1,0,2020,FALSE
396660863,22,28,31,29,30,29,47,39,2,4,2,2,1,2,2,2,5.28,Female,1,0,0,0,0,0,4,1,101,101,2,0,0,2016,FALSE
357171430,20,25,29,31,30,30,22,35,2,2,2,2,2,4,2,1,4.98,Female,1,0,0,0,0,0,1,1,97,97,2,2,0,2017,FALSE
385456578,8,13,19,18,19,25,18,25,0,2,0,1,2,2,0,2,5.18,Female,1,0,0,0,0,0,2,2,93,93,2,2,1,2017,FALSE
655439557,21,21,27,23,25,29,36,47,4,3,1,2,2,1,2,2,5.28,Female,1,0,0,0,0,0,2,1,105,105,2,0,2,2020,FALSE
784929052,20,17,28,30,31,29,24,45,3,3,1,2,0,2,2,2,5.67,Female,1,0,0,0,0,0,2,2,103,103,2,2,1,2020,FALSE
112557957,12,15,19,19,21,29,12,26,2,1,1,1,2,2,0,2,5.42,Male,0,0,1,0,0,0,2,1,93,93,2,0,1,2020,FALSE
129970440,8,13,16,15,19,24,19,25,1,3,1,1,2,2,1,0,4.77,Male,0,1,0,0,0,1,1,1,95,95,2,2,0,2018,TRUE
981794991,22,28,29,32,28,31,67,37,2,4,1,1,2,3,2,2,5.65,Female,1,0,0,0,0,0,4,4,101,101,2,0,0,2016,FALSE
322557670,7,13,26,27,25,26,32,35,1,3,0,1,0,2,0,0,4.98,Female,1,0,0,0,0,0,3,2,95,95,2,0,0,2016,FALSE
850122955,4,6,10,6,11,13,8,9,1,3,1,2,2,3,2,2,5.60,Male,0,0,1,0,0,0,1,1,103,103,0,0,0,2018,TRUE
470201629,6,14,20,14,21,26,8,31,2,2,1,1,2,1,1,2,5.17,Female,1,0,0,0,0,0,3,2,99,99,2,1,0,2020,FALSE
110539882,13,14,18,24,24,29,20,40,2,3,1,1,2,2,1,2,4.93,Female,1,0,0,0,0,0,4,3,116,104,2,2,2,2021,FALSE
347613578,7,11,16,18,17,22,11,10,2,3,1,1,1,2,2,2,4.85,Male,1,0,0,0,0,0,5,5,95,95,2,0,0,2018,FALSE
355837622,2,19,22,24,24,28,13,27,2,3,1,2,2,2,2,2,5.39,Female,0,1,0,0,0,0,4,2,114,114,2,2,2,2018,FALSE
128917448,7,12,13,16,19,27,26,26,3,4,1,1,2,2,1,2,5.26,Female,1,0,0,0,0,0,2,2,102,102,2,2,2,2020,FALSE
198590321,9,12,24,27,30,30,20,29,1,2,1,1,2,1,2,1,5.38,Male,1,0,0,0,0,0,3,2,95,93,2,2,0,2021,FALSE
393435030,5,12,25,26,28,30,26,29,2,3,1,1,2,4,1,2,4.52,Female,0,1,0,0,0,1,3,2,102,102,2,0,1,2016,FALSE
673631873,7,9,22,21,23,31,13,11,3,4,2,3,3,4,4,2,5.31,Male,1,0,0,0,0,0,3,3,114,114,2,0,0,2016,FALSE
986510363,5,11,19,17,21,27,20,26,2,3,1,2,1,1,1,1,5.12,Male,0,1,0,0,0,0,6,2,99,99,2,0,0,2017,TRUE
449945403,6,7,24,18,23,28,35,24,1,3,1,3,1,3,1,2,5.34,Female,1,0,0,0,0,0,3,2,114,114,1,1,1,2016,FALSE
883906710,16,17,26,30,29,31,21,38,2,2,1,2,2,3,0,2,5.16,Female,1,0,0,0,0,0,2,1,114,114,2,0,1,2016,FALSE
224897674,7,10,12,11,18,21,6,12,1,1,1,2,1,1,0,2,5.24,Male,0,1,0,0,0,1,3,1,114,114,2,2,0,2020,TRUE
755090025,8,9,16,15,13,25,15,10,2,2,1,2,2,3,1,0,4.72,Female,1,0,0,0,0,0,3,3,94,94,2,1,0,2018,FALSE
938112586,16,18,29,32,29,30,31,52,3,4,2,2,2,5,2,2,5.29,Male,1,0,0,0,0,0,1,1,104,104,2,2,1,2020,FALSE
529528011,17,21,27,31,32,29,61,41,4,5,2,3,4,5,2,3,5.52,Male,1,0,0,0,0,0,3,2,101,101,2,2,0,2016,FALSE
840174641,-1,4,5,7,12,13,2,7,2,2,1,1,0,2,0,0,4.98,Female,0,1,0,0,0,0,4,1,89,89,1,1,1,2017,FALSE
499405361,6,4,15,19,19,27,4,7,1,2,0,1,1,0,1,0,6.01,Male,0,1,0,0,0,0,2,2,120,109,1,1,0,2021,FALSE
656314943,7,9,19,16,17,25,18,42,1,2,1,1,1,1,1,1,4.72,Female,1,0,0,0,0,0,3,2,104,104,2,2,2,2020,FALSE
548535535,8,8,17,15,28,27,15,18,2,5,1,4,2,4,2,3,5.71,Male,0,0,0,0,1,0,1,1,78,78,1,0,0,2021,FALSE
793607865,1,5,14,12,15,19,1,3,2,1,0,1,0,1,1,2,5.07,Male,1,0,0,0,0,0,4,3,102,102,0,0,0,2016,TRUE
212246577,14,16,19,22,25,29,30,34,2,3,1,1,2,2,2,2,5.65,Female,1,0,0,0,0,0,2,1,97,97,1,1,0,2017,FALSE
166352385,11,14,24,24,24,23,13,36,2,1,1,1,1,1,0,1,5.45,Male,1,0,0,0,0,0,2,1,94,94,1,0,1,2020,FALSE
994125224,8,17,21,22,24,23,12,26,3,4,1,2,2,2,1,2,5.37,Male,0,1,0,0,0,0,3,1,102,102,2,1,0,2020,FALSE
757248058,11,14,18,20,24,28,8,39,3,2,1,1,2,2,2,2,5.48,Male,1,0,0,0,0,0,3,3,109,109,2,2,2,2018,FALSE
474404549,1,0,14,13,32,15,8,18,1,2,0,1,0,1,0,2,5.60,Male,0,1,0,0,0,0,2,2,94,91,2,1,0,2021,TRUE
217359977,21,24,25,27,25,27,38,35,3,4,2,2,2,4,1,2,5.22,Male,1,0,0,0,0,0,1,1,120,120,0,0,0,2017,FALSE
408094610,13,16,22,20,24,23,23,39,2,3,1,2,2,2,0,2,5.03,Male,0,1,0,0,0,0,2,1,113,113,2,2,2,2020,FALSE
544654579,5,11,18,20,23,22,16,28,0,2,0,1,1,1,0,0,5.40,Female,0,1,0,0,0,0,1,1,102,97,2,2,1,2021,FALSE
414091926,9,13,16,16,20,25,8,27,2,1,1,1,0,1,1,2,4.78,Male,0,1,0,0,0,1,2,1,95,95,2,0,0,2018,FALSE
878626521,12,12,17,19,20,26,9,18,1,1,1,1,1,1,1,1,4.98,Female,0,0,0,0,1,1,1,1,94,94,2,0,0,2018,FALSE
955743575,13,14,18,22,25,29,25,10,3,4,2,2,2,2,2,2,5.21,Male,1,0,0,0,0,0,3,2,112,112,1,1,1,2018,FALSE
204579080,12,11,23,26,30,30,12,28,2,2,1,1,0,2,0,2,4.82,Female,1,0,0,0,0,0,2,1,110,110,2,2,2,2018,FALSE
488198196,14,16,23,23,28,29,35,40,1,2,1,1,2,1,2,2,5.39,Female,1,0,0,0,0,0,2,2,116,116,2,1,1,2020,FALSE
787076453,7,9,19,17,21,22,20,17,2,4,1,2,2,3,2,2,5.33,Male,1,0,0,0,0,0,3,3,120,120,2,2,2,2017,TRUE
365331637,3,8,9,12,12,14,5,13,1,2,0,1,0,1,0,1,5.96,Male,0,1,0,0,0,0,3,2,97,97,2,0,0,2020,TRUE
321756812,29,27,28,31,29,31,45,41,1,1,2,2,2,2,2,2,5.58,Female,1,0,0,0,0,0,1,1,101,101,2,0,0,2017,FALSE
247419825,17,22,28,27,28,28,28,40,4,3,2,2,3,2,1,2,5.47,Female,1,0,0,0,0,0,2,2,101,101,2,1,2,2020,FALSE
387936588,13,19,18,23,26,26,43,32,2,3,1,2,1,2,1,1,5.49,Female,1,0,0,0,0,0,3,1,94,94,2,0,1,2020,FALSE
579325163,1,7,10,9,19,19,0,11,0,3,0,1,0,2,0,2,5.38,Female,0,1,0,0,0,0,3,1,101,101,1,1,0,2018,TRUE
441929843,18,20,24,19,21,26,37,26,2,2,1,2,1,2,1,2,5.40,Male,0,1,0,0,0,1,1,1,95,95,0,0,0,2018,FALSE
400154330,13,17,26,29,29,29,35,48,2,5,2,2,1,4,0,2,5.73,Male,0,0,1,0,0,0,2,1,112,112,2,1,1,2020,FALSE
324135363,5,19,22,23,22,28,25,11,2,2,1,1,1,2,1,2,4.99,Male,0,1,0,0,0,1,2,1,99,99,2,2,2,2020,FALSE
736947359,11,15,21,28,28,31,32,38,1,3,1,2,1,1,0,0,5.08,Male,1,0,0,0,0,0,2,2,102,102,2,2,0,2017,FALSE
477371745,18,22,26,29,29,31,2,28,1,3,1,2,0,2,0,2,5.35,Male,0,0,0,0,1,1,4,1,114,114,2,2,2,2018,FALSE
291976224,5,17,22,24,21,27,42,31,1,2,1,1,2,2,2,2,5.85,Female,1,0,0,0,0,0,2,2,103,103,2,2,2,2017,FALSE
164102943,7,13,22,26,23,25,14,31,2,1,1,1,1,3,1,2,4.99,Female,1,0,0,0,0,0,3,3,94,94,0,0,1,2020,FALSE
140507097,-4,7,8,7,8,9,2,12,0,2,0,1,0,3,0,2,5.08,Male,0,1,0,0,0,1,4,4,116,116,1,1,1,2018,TRUE
364344926,10,14,23,21,25,31,42,35,2,2,1,2,1,2,2,2,5.28,Male,1,0,0,0,0,0,3,1,104,98,2,2,1,2021,FALSE
578500570,6,17,24,25,31,29,11,25,2,2,1,1,3,3,2,2,5.49,Female,1,0,0,0,0,0,2,2,116,116,2,0,2,2018,FALSE
466618030,13,18,23,25,27,31,25,42,2,3,1,1,2,2,1,2,5.34,Male,0,1,0,0,0,1,2,1,114,114,2,2,2,2020,FALSE
979968056,15,16,22,22,24,28,28,39,2,3,1,2,1,2,1,2,5.45,Female,1,0,0,0,0,0,2,2,113,113,2,2,2,2020,FALSE
350479026,7,13,19,26,27,29,15,22,1,4,2,2,3,2,2,2,5.60,Male,1,0,0,0,0,0,2,2,114,114,2,1,1,2016,FALSE
103781790,19,20,24,25,24,28,30,37,1,2,1,2,3,2,2,2,5.50,Female,1,0,0,0,0,0,1,1,97,97,2,2,2,2016,FALSE
363089714,15,19,21,23,24,32,32,35,2,4,0,2,2,4,1,2,4.94,Female,1,0,0,0,0,0,2,1,103,103,2,2,2,2018,FALSE
285270688,7,6,15,14,17,21,4,12,0,2,1,1,0,1,0,1,5.12,Male,0,1,0,0,0,0,2,2,88,88,2,2,2,2018,TRUE
815951384,5,10,15,17,19,24,26,35,1,3,1,2,0,2,1,2,5.47,Female,1,0,0,0,0,0,3,3,105,105,0,0,0,2018,TRUE
425730027,18,19,24,19,30,30,32,26,2,4,2,2,2,4,1,2,5.72,Female,0,0,0,0,1,0,3,3,99,99,2,2,1,2017,FALSE
456626065,7,13,19,18,20,26,16,45,2,4,1,1,1,2,0,2,5.52,Male,0,0,0,0,1,0,1,1,103,103,1,1,1,2020,FALSE
870158914,7,14,19,23,28,31,28,38,0,3,0,1,0,1,0,0,5.21,Male,0,0,0,1,0,0,2,2,101,101,1,1,0,2016,FALSE
257210697,5,12,18,19,21,16,17,27,0,2,1,1,1,2,1,2,5.12,Female,0,1,0,0,0,0,2,1,113,113,1,0,1,2016,TRUE
475149326,13,16,13,15,20,23,12,27,3,3,1,1,1,1,1,2,5.44,Male,0,1,0,0,0,0,6,3,102,102,2,1,1,2020,FALSE
407415527,9,15,17,16,15,24,9,0,2,3,2,1,2,2,1,2,5.75,Male,0,1,0,0,0,1,2,2,99,99,1,1,1,2020,FALSE
794846285,16,20,28,28,31,32,10,11,1,3,1,2,0,2,1,2,5.28,Male,1,0,0,0,0,0,3,3,114,114,0,0,0,2018,FALSE
474341777,16,23,28,27,30,30,36,45,2,3,2,2,5,5,1,4,5.66,Male,0,0,1,0,0,0,1,1,109,109,2,1,2,2020,FALSE
383064163,12,18,21,25,23,30,58,33,3,4,2,2,4,2,2,2,5.36,Female,1,0,0,0,0,0,3,3,110,110,2,2,2,2020,FALSE
664083488,4,10,17,19,20,21,10,24,1,5,1,1,0,4,1,2,5.59,Female,0,1,0,0,0,1,4,2,102,102,2,2,2,2017,FALSE
627417323,7,12,17,17,21,31,30,38,2,2,1,2,0,2,2,2,4.92,Female,1,0,0,0,0,0,4,2,94,94,2,2,1,2018,FALSE
982552092,17,15,21,14,23,31,14,24,1,3,1,2,2,2,1,2,5.41,Male,1,0,0,0,0,0,2,1,105,105,2,2,0,2020,FALSE
709068192,7,13,22,21,23,29,12,31,1,2,1,2,0,2,1,1,5.16,Male,1,0,0,0,0,0,4,4,116,116,2,1,1,2017,TRUE
992652460,14,11,22,22,26,29,53,47,3,4,2,2,1,3,2,2,5.24,Female,1,0,0,0,0,0,2,1,117,108,2,0,2,2021,FALSE
426748158,4,10,21,16,23,25,12,29,2,4,2,2,1,3,2,2,4.86,Male,1,0,0,0,0,0,2,2,103,103,0,0,0,2018,TRUE
898907217,5,4,17,11,11,19,14,33,2,2,1,1,0,2,1,1,5.61,Male,0,1,0,0,0,0,2,1,105,105,1,0,0,2020,TRUE
387195959,15,16,21,26,27,26,36,39,3,4,1,2,1,4,2,2,5.18,Female,1,0,0,0,0,0,2,2,92,92,1,1,1,2018,FALSE
587345304,15,23,31,30,32,27,10,39,1,3,0,1,1,3,1,2,5.17,Female,1,0,0,0,0,0,2,1,95,95,2,0,1,2018,FALSE
796669032,8,12,21,25,22,29,15,27,1,2,1,1,1,1,1,0,5.46,Female,0,1,0,0,0,0,1,1,102,97,1,1,1,2021,TRUE
113103422,-1,8,19,17,21,25,7,14,1,1,0,1,1,0,1,1,4.61,Female,0,1,0,0,0,0,4,3,95,95,2,1,0,2020,TRUE
931901820,17,20,25,30,28,30,44,33,2,3,1,2,1,2,2,1,5.50,Female,1,0,0,0,0,0,3,2,101,101,2,0,0,2016,FALSE
149847269,6,12,17,17,20,26,20,37,3,3,1,2,2,2,2,2,5.08,Female,1,0,0,0,0,0,2,1,103,103,0,0,0,2018,FALSE
567238706,8,11,18,16,18,21,5,36,2,3,1,1,0,1,0,0,4.86,Female,1,0,0,0,0,0,1,1,97,97,1,0,1,2017,FALSE
491345373,21,33,30,29,30,33,32,39,3,5,2,2,4,4,2,2,5.60,Female,1,0,0,0,0,0,3,1,101,101,2,2,1,2017,FALSE
362964189,23,19,27,29,31,30,38,35,2,3,1,2,1,1,2,2,5.06,Female,0,0,0,0,1,1,2,1,101,101,2,2,2,2017,FALSE
503077555,20,30,30,30,31,31,43,38,3,2,1,2,3,2,2,1,5.75,Female,1,0,0,0,0,0,2,2,101,101,2,0,1,2017,FALSE
624833940,18,24,30,27,29,31,33,35,3,4,2,2,2,4,2,2,5.21,Female,1,0,0,0,0,0,3,1,97,97,2,1,1,2017,FALSE
970310990,2,8,14,14,17,23,10,11,2,2,1,2,1,2,2,2,5.25,Male,1,0,0,0,0,0,7,5,88,88,2,0,0,2018,TRUE
521717805,18,18,28,30,29,31,24,44,4,5,1,2,1,2,2,2,5.25,Male,1,0,0,0,0,0,3,2,95,93,0,0,0,2021,FALSE
188066551,11,17,24,24,29,31,19,38,2,3,1,2,1,2,1,2,4.96,Female,1,0,0,0,0,0,3,3,95,95,2,1,2,2018,FALSE
898340739,10,19,24,21,27,28,34,41,3,3,1,3,2,3,2,2,5.63,Female,1,0,0,0,0,0,3,1,95,95,2,1,2,2018,FALSE
739313203,19,20,25,27,25,30,52,34,4,4,3,3,2,4,2,2,5.65,Male,1,0,0,0,0,0,1,1,120,120,0,0,0,2016,FALSE
822879911,4,12,25,16,24,27,18,36,1,3,1,2,1,3,0,2,4.90,Male,1,0,0,0,0,0,2,1,97,97,2,0,1,2017,FALSE
540190414,12,18,23,22,21,25,29,28,4,4,1,2,2,2,2,2,5.05,Male,1,0,0,0,0,0,1,1,109,109,2,1,1,2020,FALSE
746404046,14,12,19,20,25,28,12,33,2,4,1,2,1,2,0,2,5.62,Female,1,0,0,0,0,0,2,2,110,110,2,1,1,2018,FALSE
710649414,10,15,18,20,22,26,20,31,1,4,1,2,2,4,2,2,5.84,Male,0,1,0,0,0,0,2,1,95,95,1,0,0,2018,TRUE
417102627,16,20,23,25,24,29,39,34,2,2,1,2,2,3,1,1,5.50,Male,1,0,0,0,0,0,2,2,120,120,2,0,2,2016,FALSE
886813772,8,12,18,18,23,22,6,30,2,1,1,2,2,1,2,1,5.92,Male,1,0,0,0,0,0,2,2,120,109,2,0,0,2021,FALSE
186298411,11,13,25,28,29,31,17,46,2,2,1,1,1,2,2,2,5.50,Male,1,0,0,0,0,0,2,1,104,98,2,1,0,2021,FALSE
548591343,15,15,28,27,29,29,25,43,2,4,1,2,1,3,2,2,5.51,Male,1,0,0,0,0,0,2,1,104,104,2,2,1,2020,FALSE
247097614,22,22,24,19,24,29,11,43,2,1,1,2,2,2,2,2,5.70,Male,1,0,0,0,0,0,2,1,105,105,2,0,1,2020,FALSE
713039210,13,11,21,18,22,26,24,34,2,2,1,2,0,2,1,1,4.85,Female,0,0,1,0,0,0,4,2,95,95,2,0,0,2018,FALSE
645819070,8,17,22,25,23,5,13,34,0,2,1,1,0,0,0,0,4.87,Female,1,0,0,0,0,0,1,1,101,101,0,0,0,2016,FALSE
874168893,15,18,24,26,28,30,14,30,3,4,2,2,2,3,0,2,5.73,Male,0,0,1,0,0,0,2,1,101,101,2,1,1,2016,FALSE
382552573,12,16,15,16,17,22,21,43,2,4,1,2,3,4,2,2,5.15,Male,1,0,0,0,0,0,2,2,102,102,2,2,2,2020,FALSE
184753249,1,4,7,7,12,12,3,7,0,1,0,1,1,2,1,2,5.48,Male,0,1,0,0,0,0,6,3,89,89,2,1,0,2017,TRUE
547511638,8,15,23,23,31,29,52,47,2,4,1,2,2,4,2,2,5.32,Male,1,0,0,0,0,0,1,1,91,89,2,2,1,2021,FALSE
984363255,24,25,31,23,29,31,40,42,2,2,1,2,2,2,2,3,4.88,Female,1,0,0,0,0,0,2,1,97,97,2,0,1,2017,FALSE
745989759,19,28,31,31,30,31,21,37,2,4,1,3,1,4,0,2,5.82,Female,1,0,0,0,0,0,2,2,114,114,2,0,1,2020,FALSE
159501948,3,10,18,17,18,24,16,28,1,2,1,2,1,2,0,2,5.55,Female,0,1,0,0,0,0,5,3,95,95,2,0,1,2018,TRUE
106314407,15,13,18,23,27,28,26,39,2,2,1,2,1,1,0,1,5.35,Male,1,0,0,0,0,0,2,1,120,120,2,1,2,2016,FALSE
295973146,14,15,25,29,30,30,39,40,1,2,1,1,2,4,2,2,4.96,Female,1,0,0,0,0,0,2,1,95,93,0,0,0,2021,FALSE
591048739,14,18,23,26,24,29,18,30,2,3,1,2,0,2,0,0,5.06,Female,1,0,0,0,0,0,1,1,97,97,1,0,0,2017,FALSE
665454492,19,20,28,25,29,31,65,41,2,4,1,2,2,4,2,1,5.36,Female,1,0,0,0,0,0,2,1,97,97,2,2,2,2017,FALSE
924274580,8,7,20,23,31,30,17,25,1,2,0,2,0,1,1,2,4.66,Male,1,0,0,0,0,0,3,2,78,78,2,0,1,2021,FALSE
369834678,11,18,19,19,30,31,20,14,2,3,1,2,0,2,1,2,5.25,Male,1,0,0,0,0,0,1,1,95,95,0,0,0,2020,FALSE
303858109,9,18,21,24,27,29,43,38,2,1,2,2,2,2,2,2,5.82,Male,1,0,0,0,0,0,3,2,117,108,2,2,0,2021,FALSE
453441576,6,10,17,16,24,27,15,36,1,3,0,1,1,0,0,0,5.88,Female,0,1,0,0,0,0,2,1,97,97,0,0,0,2017,TRUE
937810627,10,14,21,20,21,26,11,27,2,2,1,2,2,3,1,2,4.85,Female,1,0,0,0,0,0,1,1,102,102,1,0,0,2016,TRUE
398939515,21,32,29,36,30,29,80,50,2,3,1,2,1,2,1,2,4.81,Female,1,0,0,0,0,0,3,1,113,113,2,0,0,2020,FALSE
751011255,10,8,19,23,22,24,7,24,2,4,1,2,2,2,0,2,5.80,Male,0,0,0,0,1,0,1,1,97,97,0,0,0,2017,TRUE
455551609,2,8,19,23,18,23,3,20,1,5,1,2,0,4,0,2,4.61,Male,1,0,0,0,0,0,1,1,94,94,2,2,2,2020,TRUE
411353131,-1,0,16,12,16,12,4,-1,0,2,0,0,0,1,0,2,5.54,Female,0,1,0,0,0,0,1,1,89,89,1,0,0,2017,FALSE
717853062,15,16,23,24,26,26,24,36,2,3,1,2,2,2,2,2,5.49,Female,0,0,0,0,1,0,3,2,97,97,2,1,0,2017,FALSE
555797868,15,24,32,30,32,30,35,45,1,5,1,1,1,2,1,2,4.70,Female,1,0,0,0,0,0,2,1,100,94,2,2,2,2021,FALSE
102569085,13,13,18,19,21,24,17,27,2,2,1,2,2,2,2,1,5.24,Male,1,0,0,0,0,0,3,1,112,112,2,1,1,2020,FALSE
661172453,15,17,23,27,27,29,32,36,4,5,2,2,2,2,1,2,5.63,Male,0,1,0,0,0,1,4,4,114,114,2,1,2,2020,FALSE
916648665,10,16,26,26,28,28,15,39,0,1,1,2,1,4,0,2,5.53,Male,0,1,0,0,0,0,3,3,104,104,2,2,1,2020,FALSE
627569178,6,13,19,19,24,29,16,36,2,2,1,1,1,2,1,2,5.39,Male,0,1,0,0,0,1,2,1,99,99,2,0,0,2020,FALSE
142834007,10,14,21,19,24,30,19,32,2,2,1,2,1,2,2,2,5.12,Female,1,0,0,0,0,0,3,2,88,88,2,2,1,2018,TRUE
229616068,11,14,19,22,25,30,29,37,1,2,1,2,2,4,2,2,4.88,Male,1,0,0,0,0,0,3,2,95,95,2,1,0,2017,TRUE
352410501,20,24,29,29,29,30,27,44,2,4,1,2,1,3,2,2,5.22,Male,0,0,1,0,0,0,4,3,103,103,2,1,1,2020,FALSE
854236443,7,8,19,18,19,23,22,35,2,2,1,1,1,2,0,1,5.53,Female,1,0,0,0,0,0,1,1,98,98,2,2,2,2021,FALSE
214036946,13,18,24,27,26,30,21,28,1,1,1,1,1,2,1,2,4.93,Male,1,0,0,0,0,0,3,1,95,95,2,0,0,2018,TRUE
587858690,7,14,23,27,29,31,21,42,1,2,1,1,0,2,0,2,5.28,Female,1,0,0,0,0,0,3,2,107,96,2,2,2,2021,FALSE
502771253,10,18,23,25,27,29,11,42,1,4,1,3,1,2,1,2,5.12,Male,1,0,0,0,0,0,2,1,117,117,2,2,2,2020,FALSE
515044853,8,14,23,23,31,29,4,9,0,2,0,1,1,0,1,0,5.58,Male,1,0,0,0,0,0,1,1,114,114,0,0,0,2016,TRUE
317198119,13,16,21,22,22,30,41,36,2,3,1,2,2,2,0,2,5.44,Female,0,0,1,0,0,0,2,1,103,103,2,2,0,2016,FALSE
522114835,6,18,28,26,25,27,4,29,2,4,1,2,1,2,1,2,5.16,Female,1,0,0,0,0,0,1,1,102,102,2,1,1,2020,FALSE
204711693,10,15,18,19,19,24,27,42,2,3,1,3,2,2,2,2,5.64,Male,1,0,0,0,0,0,2,2,95,95,2,1,1,2020,FALSE
878332873,7,12,17,18,22,28,34,32,3,4,1,1,0,3,1,2,4.77,Female,1,0,0,0,0,0,4,3,114,114,2,0,2,2016,FALSE
830766435,20,20,26,24,25,31,31,42,4,4,2,5,2,5,1,3,5.46,Male,1,0,0,0,0,0,1,1,113,105,2,2,2,2021,FALSE
692160055,17,19,25,26,29,30,26,28,4,4,2,2,4,5,2,3,5.55,Male,0,0,0,0,1,0,3,2,96,95,2,2,2,2021,FALSE
616330623,9,14,24,25,25,29,23,29,2,3,1,2,1,1,1,2,5.31,Female,1,0,0,0,0,0,2,2,103,103,0,0,0,2016,FALSE
360934730,6,17,19,21,23,29,9,17,1,3,1,2,1,2,2,2,5.13,Female,0,1,0,0,0,1,1,1,110,110,1,1,1,2020,FALSE
868595434,14,21,22,23,25,25,14,33,2,2,1,2,2,2,1,1,5.24,Female,1,0,0,0,0,0,2,1,88,88,2,2,2,2017,FALSE
411484353,13,13,19,14,20,31,43,38,2,4,1,1,2,3,2,2,5.20,Female,1,0,0,0,0,0,2,1,97,97,2,2,2,2017,FALSE
720516908,30,32,32,31,29,30,30,42,3,4,1,2,1,2,2,2,5.04,Male,1,0,0,0,0,0,2,2,113,113,2,2,2,2020,FALSE
837290928,6,10,19,17,21,24,8,23,1,2,0,1,1,0,2,1,4.80,Female,0,1,0,0,0,1,5,4,95,95,2,0,0,2018,FALSE
419795805,8,19,22,28,31,29,26,28,2,4,1,2,1,4,2,3,5.67,Female,1,0,0,0,0,0,1,1,114,114,0,0,0,2016,FALSE
935459145,13,16,25,32,29,30,11,35,1,2,1,2,1,3,1,2,5.73,Male,1,0,0,0,0,0,2,1,105,105,2,2,1,2020,FALSE
196327360,13,18,20,26,28,29,25,36,2,3,1,2,2,3,1,2,5.99,Female,1,0,0,0,0,0,2,2,114,114,0,0,0,2018,FALSE
203911821,9,13,25,28,24,26,23,37,3,3,1,2,0,1,2,2,5.17,Male,1,0,0,0,0,0,2,1,95,95,2,0,1,2017,FALSE
875433957,9,15,25,26,25,26,48,34,2,3,1,2,1,2,1,1,5.33,Female,1,0,0,0,0,0,2,2,95,95,2,2,2,2017,FALSE
951058740,2,11,17,20,21,23,12,20,1,3,0,2,2,4,1,2,4.95,Male,1,0,0,0,0,0,3,1,120,120,2,2,1,2016,TRUE
144361778,21,21,24,28,29,31,34,50,2,5,1,2,3,4,2,2,5.77,Male,0,0,1,0,0,0,2,1,105,105,2,1,0,2020,FALSE
255469996,11,16,26,25,26,29,27,41,3,3,1,1,1,2,1,2,5.72,Female,0,1,0,0,0,0,2,1,117,117,2,2,2,2020,FALSE
924435594,20,27,29,34,29,30,26,39,2,3,1,1,0,2,1,2,4.96,Female,1,0,0,0,0,0,2,1,105,105,2,2,2,2020,FALSE
638951547,11,20,25,26,27,30,39,37,2,4,1,3,2,4,2,4,4.98,Female,1,0,0,0,0,0,3,3,94,94,2,2,1,2020,FALSE
591626668,7,16,18,19,23,26,30,33,2,2,1,1,1,1,2,1,5.68,Male,0,1,0,0,0,1,3,3,120,120,2,2,2,2020,FALSE
140199631,6,14,19,16,20,23,20,23,2,2,1,2,1,2,2,2,5.88,Male,0,1,0,0,0,1,2,1,108,108,2,2,2,2018,TRUE
430087469,6,7,17,21,21,24,22,29,1,2,1,1,1,1,1,1,5.40,Female,1,0,0,0,0,0,1,1,94,94,1,2,0,2020,FALSE
359063222,5,10,15,21,25,29,11,28,0,1,0,1,0,2,0,0,4.69,Female,1,0,0,0,0,0,3,2,98,98,2,2,1,2018,FALSE
836114589,15,20,30,29,30,32,20,31,2,2,1,2,2,3,1,2,4.93,Female,1,0,0,0,0,0,2,1,104,98,2,2,2,2021,FALSE
424358116,1,5,10,11,8,11,1,2,0,2,0,1,0,0,0,2,4.87,Male,0,1,0,0,0,0,2,2,78,78,0,0,0,2020,TRUE
820020193,25,21,30,30,31,30,24,39,2,4,1,2,1,2,1,2,5.60,Male,0,1,0,0,0,1,2,1,95,95,2,1,2,2020,FALSE
321481151,16,22,26,31,32,30,28,39,2,5,2,3,1,2,2,2,5.44,Male,1,0,0,0,0,0,3,1,114,114,1,1,1,2020,FALSE
194430551,5,14,21,20,22,25,16,31,3,2,2,2,1,3,0,2,4.95,Male,1,0,0,0,0,0,2,2,103,103,2,2,1,2016,FALSE
485739691,1,10,16,18,22,24,11,15,2,2,0,1,0,0,1,2,5.00,Male,0,1,0,0,0,0,3,1,102,102,2,2,1,2016,FALSE
370679921,11,13,21,21,24,29,23,34,2,2,1,2,1,2,2,2,5.38,Female,1,0,0,0,0,0,2,2,120,120,2,0,1,2020,FALSE
249751643,10,19,26,26,29,31,14,8,2,4,2,2,2,5,1,4,5.15,Male,0,1,0,0,0,1,1,1,99,94,2,2,0,2021,FALSE
595810859,24,27,29,32,31,31,54,48,3,3,1,2,2,2,2,2,4.68,Female,1,0,0,0,0,0,1,1,113,105,1,1,1,2021,FALSE
386551890,18,23,27,29,28,31,10,20,2,3,1,2,1,2,1,1,5.28,Male,0,1,0,0,0,0,2,2,95,95,0,0,0,2020,FALSE
446066557,15,15,29,26,30,31,15,30,1,4,1,2,1,2,2,1,4.82,Male,1,0,0,0,0,0,2,1,97,97,2,0,1,2017,FALSE
274824020,20,18,31,33,27,33,49,44,1,3,1,4,5,5,1,5,5.64,Male,1,0,0,0,0,0,2,2,97,97,0,0,0,2017,FALSE
599253691,2,11,11,13,5,14,8,18,0,1,1,1,0,1,0,2,5.24,Male,0,1,0,0,0,1,2,2,94,94,2,2,0,2018,TRUE
315671925,14,17,25,28,29,29,44,35,1,3,1,2,1,2,0,2,4.90,Female,1,0,0,0,0,0,3,2,91,105,2,2,1,2020,FALSE
829129410,11,13,24,24,22,27,24,41,2,3,1,1,2,3,1,2,5.42,Male,1,0,0,0,0,0,1,1,113,113,2,2,2,2020,FALSE
636405484,15,15,18,19,18,27,23,43,2,3,1,2,2,3,2,2,5.41,Female,1,0,0,0,0,0,3,3,104,104,1,1,1,2020,FALSE
131312454,12,15,19,17,23,27,21,31,3,5,1,2,3,3,0,2,4.89,Male,0,0,0,1,0,0,3,2,102,102,2,0,0,2018,FALSE
671982334,1,11,19,22,24,27,12,29,0,4,0,2,1,3,0,2,5.32,Female,0,1,0,0,0,0,2,2,113,105,2,1,0,2021,FALSE
199291335,2,8,20,19,24,26,12,19,1,2,1,2,0,2,0,2,4.80,Female,0,1,0,0,0,1,3,2,110,110,2,2,1,2018,TRUE
854908578,6,11,17,17,17,20,12,15,0,3,1,2,0,2,0,2,4.87,Male,0,1,0,0,0,0,2,2,91,91,1,0,0,2020,TRUE
108997997,17,18,18,26,26,28,41,46,2,2,1,1,1,3,1,2,5.64,Female,1,0,0,0,0,0,2,1,95,92,2,2,2,2021,FALSE
858977574,3,13,15,16,17,24,5,25,1,2,1,2,2,2,1,2,5.48,Female,1,0,0,0,0,0,2,1,120,120,2,0,2,2017,FALSE
985241049,4,16,21,21,20,26,13,25,2,3,1,2,1,0,0,1,5.43,Male,0,1,0,0,0,1,3,1,95,95,2,1,1,2017,FALSE
828570392,14,24,30,24,31,30,39,42,1,2,1,2,2,2,1,2,4.64,Male,1,0,0,0,0,0,2,2,109,109,2,2,2,2020,FALSE
997123133,9,14,21,17,22,24,22,26,2,3,1,2,1,4,2,2,5.62,Female,1,0,0,0,0,0,1,1,91,89,1,0,0,2021,FALSE
544407518,17,19,27,28,31,27,36,48,3,5,1,3,2,4,1,3,5.39,Male,1,0,0,0,0,0,1,1,104,104,0,0,0,2020,FALSE
642636730,7,12,18,14,20,22,32,30,1,1,1,1,1,0,1,1,4.90,Female,1,0,0,0,0,0,2,1,94,94,2,2,2,2018,FALSE
503467931,10,12,21,22,25,30,31,27,2,4,1,2,1,3,2,2,4.75,Female,1,0,0,0,0,0,1,1,117,117,0,0,0,2017,FALSE
260902525,5,11,16,18,17,24,20,26,2,3,0,2,2,2,0,2,5.35,Male,1,0,0,0,0,0,3,2,92,92,1,1,0,2018,TRUE
790585004,3,4,6,6,8,6,4,7,2,0,1,1,0,1,0,0,5.92,Male,0,1,0,0,0,1,2,2,88,88,2,0,0,2018,TRUE
241211097,1,8,18,21,24,29,26,31,1,2,1,1,1,0,1,0,5.55,Male,0,1,0,0,0,1,2,2,120,116,2,2,2,2018,TRUE
865749736,10,14,16,18,24,26,21,43,0,3,1,3,0,3,0,2,5.57,Female,1,0,0,0,0,0,3,1,116,116,2,2,2,2020,TRUE
907447337,2,12,16,18,20,26,9,19,1,2,0,1,0,2,0,2,5.44,Female,1,0,0,0,0,0,4,4,95,95,0,0,0,2020,TRUE
250401854,4,8,20,18,21,25,14,3,1,4,1,2,1,1,1,2,4.96,Female,0,0,0,0,1,0,2,2,114,114,2,1,0,2020,FALSE
820169499,13,10,17,18,21,23,12,31,2,5,1,2,3,5,2,2,5.80,Male,1,0,0,0,0,0,2,1,95,95,2,0,1,2021,TRUE
661217442,2,9,9,15,17,24,7,26,1,4,1,4,2,3,2,2,5.45,Male,0,1,0,0,0,0,1,1,116,116,1,1,1,2016,TRUE
105880674,16,21,27,32,28,28,37,32,4,5,2,4,3,4,2,2,5.67,Male,1,0,0,0,0,0,2,1,101,101,2,2,2,2016,FALSE
114462745,0,16,18,19,23,29,9,19,1,2,1,2,2,2,0,0,5.16,Male,0,1,0,0,0,0,3,2,116,116,1,1,1,2016,FALSE
694209811,4,13,20,22,21,31,23,30,2,2,1,1,1,2,0,1,5.78,Male,0,1,0,0,0,0,2,1,105,105,2,2,0,2020,FALSE
496001648,10,13,24,21,29,31,16,30,1,2,1,1,1,2,2,2,5.01,Female,1,0,0,0,0,0,2,2,108,108,2,0,2,2018,FALSE
967918815,21,19,28,31,30,31,43,52,3,3,1,2,2,3,2,2,5.22,Female,1,0,0,0,0,0,3,3,105,105,2,1,0,2020,FALSE
247227861,7,16,21,16,25,30,23,32,1,3,1,2,0,2,1,2,4.93,Female,0,1,0,0,0,0,3,3,101,101,2,2,2,2020,TRUE
405453361,11,15,19,19,30,30,33,34,2,4,2,2,2,4,2,2,5.09,Female,1,0,0,0,0,0,3,2,120,120,2,2,1,2018,FALSE
846802356,7,9,20,19,21,28,14,23,1,2,1,2,2,4,2,2,5.04,Female,1,0,0,0,0,0,4,3,98,98,2,0,0,2020,TRUE
275655906,9,13,16,23,26,27,18,24,2,4,1,2,2,2,2,3,5.23,Male,1,0,0,0,0,0,1,1,95,95,1,0,0,2017,FALSE
808614226,15,24,30,29,29,30,51,33,1,4,1,1,2,2,1,2,5.67,Female,1,0,0,0,0,0,1,1,109,109,2,2,0,2020,FALSE
687695691,15,13,18,15,14,26,28,33,3,3,1,2,3,4,1,1,5.24,Male,1,0,0,0,0,0,2,1,104,104,2,2,2,2020,FALSE
246109254,9,14,22,27,27,28,33,37,2,2,1,2,2,2,2,2,4.93,Male,1,0,0,0,0,0,2,2,115,115,2,1,1,2020,FALSE
667840140,3,11,21,22,21,23,11,23,0,5,1,3,0,5,0,4,5.09,Male,1,0,0,0,0,0,4,4,102,102,2,1,0,2017,FALSE
509973316,4,3,17,23,23,30,8,15,1,4,1,2,1,2,0,2,5.34,Male,0,1,0,0,0,0,2,2,116,116,2,2,2,2016,TRUE
139913769,6,15,18,16,19,23,10,4,0,1,0,1,1,1,0,1,5.70,Female,0,1,0,0,0,1,2,1,99,99,2,0,1,2020,TRUE
528176107,8,9,17,18,22,25,11,25,2,3,1,2,1,4,2,2,5.13,Female,1,0,0,0,0,0,3,3,78,78,1,1,1,2021,TRUE
719516319,6,9,18,19,22,27,11,34,2,2,1,1,0,1,0,1,5.32,Male,1,0,0,0,0,0,2,2,98,98,0,0,0,2017,FALSE
725844999,27,30,29,33,30,32,42,42,4,6,2,2,2,5,0,2,5.86,Male,1,0,0,0,0,0,2,1,113,113,2,1,0,2020,FALSE
770056647,12,19,20,22,23,29,27,34,1,4,1,2,1,2,1,2,5.03,Male,1,0,0,0,0,0,2,2,90,90,0,0,0,2018,FALSE
411162030,12,17,30,26,28,29,20,53,2,4,2,1,2,1,2,2,5.47,Male,0,0,0,0,1,0,2,2,94,94,2,2,1,2020,FALSE
972188622,13,10,17,16,25,25,14,34,2,3,1,1,2,2,2,2,5.39,Female,1,0,0,0,0,0,3,2,114,114,0,0,0,2016,FALSE
501536495,13,17,23,27,27,30,35,37,2,4,1,2,0,1,1,2,5.62,Female,1,0,0,0,0,0,4,4,116,116,2,2,2,2018,FALSE
980818266,29,29,29,30,30,27,33,33,2,2,1,1,2,1,1,2,4.85,Male,1,0,0,0,0,0,2,2,114,120,0,0,0,2016,FALSE
932120565,24,26,30,29,28,28,50,30,3,3,1,2,3,2,0,0,5.15,Female,1,0,0,0,0,0,2,1,101,101,0,0,0,2016,FALSE
486433486,10,14,19,21,26,31,6,24,1,2,0,1,0,1,0,2,5.27,Female,0,0,0,1,0,0,2,1,88,88,0,0,0,2017,FALSE
520245408,13,12,22,27,27,29,34,40,3,3,1,1,1,2,0,1,4.83,Female,1,0,0,0,0,0,1,1,107,96,2,2,0,2021,FALSE
949367541,10,15,21,18,22,27,22,32,1,2,1,1,1,2,2,1,5.35,Male,1,0,0,0,0,0,1,1,95,93,0,0,0,2021,TRUE
799750419,10,13,20,19,22,26,38,45,3,4,1,2,2,4,2,2,5.23,Male,1,0,0,0,0,0,2,1,95,95,2,2,2,2020,FALSE
978161575,14,22,22,24,25,29,25,36,3,4,1,2,2,2,2,4,5.90,Female,1,0,0,0,0,0,4,3,98,98,2,2,0,2017,FALSE
719327339,7,10,19,20,21,28,8,29,1,2,1,1,0,1,2,2,5.23,Female,1,0,0,0,0,0,1,1,96,96,1,1,1,2017,FALSE
484298163,13,16,21,19,25,26,6,29,2,4,1,2,2,4,2,2,5.44,Male,1,0,0,0,0,0,2,2,115,115,2,2,2,2018,FALSE
622426053,12,13,20,23,23,29,17,38,2,2,1,2,2,3,2,2,4.85,Female,1,0,0,0,0,0,2,2,108,108,2,0,0,2020,FALSE
789174434,2,9,20,18,20,25,14,24,0,3,0,1,1,2,0,2,5.29,Male,1,0,0,0,0,0,2,1,103,103,2,0,0,2018,TRUE
753731761,5,11,22,21,22,23,20,36,2,2,1,1,2,2,2,0,5.70,Female,1,0,0,0,0,0,3,2,92,92,2,0,0,2020,TRUE
228255228,27,29,30,27,30,30,28,43,3,5,2,2,4,5,2,3,5.01,Female,1,0,0,0,0,0,1,1,94,91,2,2,2,2021,FALSE
458862463,6,13,16,17,16,24,14,31,1,2,0,2,1,2,0,2,6.04,Male,1,0,0,0,0,0,3,1,94,94,2,2,0,2018,FALSE
572846668,5,11,17,21,22,24,13,35,4,4,1,1,2,3,2,2,5.40,Male,0,1,0,0,0,0,2,1,97,97,2,0,0,2020,FALSE
494112449,3,11,21,22,23,30,12,25,0,2,0,1,2,2,1,2,4.58,Female,0,1,0,0,0,0,2,1,114,114,1,1,1,2017,FALSE
430823418,12,15,21,24,26,27,21,28,2,3,1,1,1,3,2,2,5.90,Female,1,0,0,0,0,0,2,1,108,108,2,0,2,2018,FALSE
176779210,12,15,26,25,30,31,17,37,3,4,2,1,3,3,1,2,5.64,Male,0,1,0,0,0,1,2,1,94,94,2,2,0,2017,TRUE
441163685,11,15,18,20,23,26,14,30,1,1,2,2,2,2,1,2,4.96,Male,1,0,0,0,0,0,2,2,94,94,0,0,0,2017,FALSE
433816765,9,10,21,23,30,31,31,24,2,2,1,1,2,1,0,2,4.95,Female,1,0,0,0,0,0,1,1,91,89,1,0,0,2021,FALSE
904680915,10,14,21,27,27,30,33,37,2,4,1,1,2,2,0,0,5.32,Female,1,0,0,0,0,0,3,1,101,101,2,0,0,2016,FALSE
800864287,5,12,20,22,22,26,30,31,3,3,1,2,1,2,2,2,5.97,Male,1,0,0,0,0,0,4,4,120,109,2,1,2,2021,FALSE
890704151,3,9,14,18,20,21,16,15,0,1,1,1,0,1,1,2,5.96,Female,0,1,0,0,0,0,5,4,94,91,1,1,0,2021,TRUE
991641234,8,11,18,18,23,25,6,26,1,3,1,1,2,2,1,1,5.96,Female,0,1,0,0,0,0,3,3,108,108,2,2,2,2018,TRUE
394611817,6,11,15,13,21,27,13,21,2,2,1,1,1,2,2,2,4.96,Female,0,1,0,0,0,0,3,2,98,98,0,0,0,2018,FALSE
973437126,9,10,17,17,18,29,2,24,1,2,0,1,1,2,0,1,4.85,Male,1,0,0,0,0,0,3,1,101,101,1,1,0,2017,TRUE
986846521,16,20,22,26,26,32,15,35,3,4,1,1,1,1,2,2,4.90,Male,1,0,0,0,0,0,3,2,97,97,2,1,0,2017,FALSE
638064264,9,19,24,23,25,31,6,37,3,3,2,3,2,2,3,2,4.87,Male,1,0,0,0,0,0,3,3,99,99,2,2,2,2020,FALSE
733250014,6,8,19,19,19,30,16,32,2,2,0,1,1,0,0,0,5.17,Male,0,1,0,0,0,0,2,1,93,93,2,0,0,2020,TRUE
814793927,5,9,16,16,16,21,9,26,2,2,1,1,1,1,0,2,5.84,Female,0,1,0,0,0,0,3,3,112,112,2,0,1,2020,TRUE
941000946,14,16,20,29,29,28,34,32,3,4,1,2,2,3,2,2,5.18,Male,0,1,0,0,0,1,3,2,95,95,2,0,1,2018,FALSE
484926733,16,20,25,29,29,28,36,37,3,3,1,2,2,2,1,2,4.94,Female,1,0,0,0,0,0,3,1,95,95,2,0,0,2018,FALSE
699402961,12,17,23,26,29,29,33,35,2,2,1,2,1,2,2,2,5.54,Female,1,0,0,0,0,0,2,2,104,98,2,2,2,2021,FALSE
527601352,5,11,15,16,19,21,14,20,1,1,0,2,2,3,2,2,5.58,Male,1,0,0,0,0,0,1,1,101,101,2,0,0,2016,TRUE
740919856,11,17,21,29,31,29,23,37,3,3,1,2,1,4,1,3,5.36,Female,1,0,0,0,0,0,1,1,95,95,1,0,0,2018,FALSE
535610761,13,17,18,21,21,27,38,33,4,4,2,4,1,2,2,2,5.44,Male,1,0,0,0,0,0,3,2,100,100,2,1,2,2017,FALSE
469589270,7,15,20,20,26,29,11,23,2,4,1,2,2,2,1,2,5.55,Male,1,0,0,0,0,0,1,1,103,103,0,0,0,2020,FALSE
164622850,12,24,27,23,23,25,16,24,1,2,1,2,1,2,2,2,5.53,Male,1,0,0,0,0,0,2,1,95,95,2,1,0,2018,FALSE
373710817,16,16,30,29,30,31,27,34,2,4,2,2,1,2,2,2,5.54,Female,1,0,0,0,0,0,3,2,114,114,1,0,0,2018,FALSE
395944730,4,11,19,18,22,24,15,32,0,2,1,1,0,2,1,0,5.32,Female,0,1,0,0,0,0,4,1,101,101,2,0,0,2016,FALSE
478975466,12,14,21,25,25,26,33,36,2,3,1,2,1,2,2,2,4.93,Female,1,0,0,0,0,0,2,2,113,105,2,2,2,2021,FALSE
295373582,12,15,20,23,25,25,14,27,2,4,1,2,2,2,0,0,5.48,Male,0,1,0,0,0,0,3,1,102,102,1,1,1,2020,FALSE
672411084,26,29,28,31,30,30,28,45,2,4,1,2,2,2,1,2,5.66,Female,1,0,0,0,0,0,3,3,109,109,2,1,2,2020,FALSE
583356877,6,15,28,27,28,29,15,42,3,3,1,2,2,2,0,2,5.21,Male,1,0,0,0,0,0,2,1,94,94,2,1,1,2020,FALSE
319345562,9,15,22,22,22,26,9,41,1,3,1,2,0,2,0,2,5.67,Female,1,0,0,0,0,0,1,1,102,102,1,1,1,2020,FALSE
344762581,16,21,23,21,28,29,19,32,2,3,1,1,2,2,1,3,5.09,Female,0,1,0,0,0,0,1,1,120,120,2,0,1,2016,FALSE
520262839,10,13,24,28,28,29,25,40,2,4,1,2,1,2,0,0,4.95,Male,1,0,0,0,0,0,2,1,101,101,2,0,0,2016,FALSE
361211172,18,17,26,25,31,30,30,41,3,3,2,2,1,4,2,2,5.19,Male,1,0,0,0,0,0,3,2,95,95,0,0,0,2020,FALSE
987363949,5,7,18,13,18,25,15,22,2,3,1,1,2,1,0,1,5.61,Female,1,0,0,0,0,0,2,1,103,103,2,2,2,2018,TRUE
745348253,10,7,16,19,18,24,16,37,1,3,1,1,1,2,1,1,4.60,Male,1,0,0,0,0,0,3,3,120,109,2,2,1,2021,FALSE
865924544,12,15,28,24,23,28,16,32,3,2,1,0,1,2,0,0,4.64,Male,1,0,0,0,0,0,2,1,97,99,1,1,0,2020,FALSE
980002117,26,27,28,29,29,31,58,45,3,4,1,2,2,4,1,3,5.71,Female,1,0,0,0,0,0,2,2,95,95,0,0,0,2020,FALSE
946230654,22,26,31,33,32,32,47,39,1,2,1,2,2,3,2,1,5.31,Male,1,0,0,0,0,0,4,4,109,109,2,1,1,2020,FALSE
798669571,13,17,17,17,23,26,9,31,3,3,2,2,2,2,2,2,5.63,Male,1,0,0,0,0,0,3,2,88,88,2,1,1,2017,TRUE
620457517,16,21,29,27,28,30,7,38,1,3,2,2,2,0,2,2,5.10,Male,1,0,0,0,0,0,2,1,105,105,2,1,1,2020,TRUE
239017940,17,18,21,21,25,27,24,33,3,3,1,2,2,3,1,2,5.04,Male,0,1,0,0,0,0,2,2,101,101,2,0,1,2020,FALSE
199310671,15,16,19,22,24,25,23,44,2,3,1,1,0,1,0,2,5.16,Female,1,0,0,0,0,0,2,1,113,113,2,2,1,2020,FALSE
676947820,19,24,25,26,27,32,63,32,3,4,1,2,2,2,2,2,5.67,Female,1,0,0,0,0,0,2,2,120,120,2,1,1,2017,FALSE
956404646,7,15,13,14,19,26,21,32,1,3,1,1,0,2,1,2,4.62,Female,0,1,0,0,0,0,2,2,105,105,1,1,0,2020,FALSE
632987101,9,11,18,19,23,30,21,19,2,2,1,1,1,1,0,2,5.23,Female,0,1,0,0,0,0,2,1,95,95,0,0,0,2017,FALSE
907971554,2,9,17,16,20,23,8,19,0,3,1,1,1,1,0,2,4.85,Male,0,1,0,0,0,0,2,1,103,103,2,2,2,2020,TRUE
478030002,-1,8,16,14,15,19,4,11,0,1,0,0,0,1,0,0,5.18,Male,0,1,0,0,0,0,2,2,97,97,0,0,0,2020,TRUE
605780686,10,14,17,17,20,24,8,31,1,2,1,1,1,1,2,2,4.68,Female,1,0,0,0,0,0,2,1,94,94,0,0,0,2018,FALSE
814317614,6,9,18,18,22,26,14,26,2,2,1,1,2,1,0,0,5.00,Female,1,0,0,0,0,0,1,1,97,97,2,0,0,2017,TRUE
703966497,6,10,16,16,19,21,6,24,2,3,1,2,1,2,2,2,4.99,Male,0,1,0,0,0,1,3,2,95,95,2,0,1,2020,TRUE
938737207,10,15,21,22,24,28,24,35,2,3,1,1,1,1,0,2,5.89,Female,1,0,0,0,0,0,2,1,114,114,0,0,0,2016,FALSE
468853880,20,20,26,24,26,29,30,41,2,4,1,2,3,4,2,2,5.62,Male,0,1,0,0,0,1,3,2,110,110,2,2,2,2020,FALSE
948025546,13,17,19,21,25,27,53,31,3,3,2,2,2,2,2,1,5.41,Male,1,0,0,0,0,0,5,3,120,120,2,1,1,2017,FALSE
442878331,14,24,28,30,32,31,34,45,4,4,2,2,2,5,2,2,5.50,Female,1,0,0,0,0,0,4,4,99,94,2,1,0,2021,FALSE
744700126,9,14,20,18,23,28,19,27,2,4,1,2,1,4,1,2,4.83,Female,1,0,0,0,0,0,2,1,95,95,2,0,0,2020,FALSE
458944790,9,10,20,14,17,28,24,27,2,2,1,2,1,2,2,1,5.26,Female,1,0,0,0,0,0,2,1,105,105,2,1,0,2020,FALSE
880771896,8,15,20,22,23,27,22,35,2,2,1,1,0,2,1,1,4.85,Female,1,0,0,0,0,0,3,3,103,103,2,2,1,2016,FALSE
864262404,12,13,17,20,27,31,17,29,3,4,1,2,1,2,1,2,5.64,Female,1,0,0,0,0,0,2,1,95,95,2,1,2,2020,TRUE
420831405,11,14,31,27,26,29,32,35,2,3,1,1,0,3,0,2,5.48,Female,1,0,0,0,0,0,3,3,94,94,2,2,1,2020,FALSE
688945133,17,20,30,30,29,29,45,34,1,3,0,1,1,2,0,0,4.89,Female,1,0,0,0,0,0,3,1,101,101,2,2,1,2016,FALSE
582126521,3,16,21,18,24,27,7,27,1,3,1,2,1,1,0,1,5.02,Male,1,0,0,0,0,0,2,2,102,102,2,2,2,2017,FALSE
308270348,0,4,10,12,12,13,23,34,0,0,0,0,0,0,0,0,5.85,Female,0,1,0,0,0,0,1,1,97,97,2,0,0,2020,TRUE
844813653,10,11,26,25,30,29,14,15,1,2,1,2,2,1,1,1,5.50,Male,0,1,0,0,0,1,1,1,114,104,2,1,1,2021,FALSE
101269396,5,8,19,19,20,26,20,35,2,3,1,1,1,1,0,1,4.56,Male,1,0,0,0,0,0,4,3,95,95,1,0,0,2018,FALSE
152856077,12,17,21,25,27,28,39,22,2,5,1,2,2,2,2,2,5.79,Male,0,1,0,0,0,0,3,2,102,102,2,1,0,2020,FALSE
321966735,15,14,22,26,28,27,30,34,2,3,1,1,1,2,2,2,5.45,Female,1,0,0,0,0,0,3,2,104,104,2,0,1,2016,FALSE
874980733,16,19,23,24,26,26,35,37,1,4,1,2,2,2,1,1,4.94,Female,1,0,0,0,0,0,2,1,102,102,2,2,1,2018,FALSE
909467072,6,11,20,24,25,30,14,24,2,3,1,1,1,2,0,2,5.73,Male,1,0,0,0,0,0,3,3,78,78,2,0,0,2020,FALSE
416941817,4,18,20,19,23,26,6,20,1,2,1,1,0,1,1,2,4.87,Female,1,0,0,0,0,0,2,2,113,102,1,0,0,2021,TRUE
205350181,9,18,21,26,27,29,42,36,2,5,1,2,2,3,0,2,5.46,Male,1,0,0,0,0,0,2,1,120,120,2,2,1,2018,FALSE
685303908,4,10,18,18,23,25,17,17,1,1,1,2,1,2,0,2,5.29,Male,0,1,0,0,0,0,3,3,112,112,2,1,2,2020,FALSE
836263109,21,23,23,25,26,29,14,37,2,1,1,1,0,0,1,0,5.53,Male,1,0,0,0,0,0,3,1,90,90,2,0,0,2017,FALSE
706230990,6,12,24,26,27,30,20,41,1,3,1,1,0,0,1,1,4.84,Female,1,0,0,0,0,0,2,2,97,97,0,0,0,2018,FALSE
890623799,8,15,20,23,26,27,37,42,2,4,2,2,2,5,1,5,5.37,Male,1,0,0,0,0,0,2,1,95,92,2,2,2,2021,FALSE
144374815,11,12,15,17,22,29,29,27,3,3,1,2,3,2,2,1,5.55,Female,1,0,0,0,0,0,5,3,101,101,2,0,0,2016,FALSE
915846387,10,10,16,16,18,24,15,29,1,3,1,1,1,3,2,1,4.70,Female,0,1,0,0,0,0,4,4,92,92,2,0,0,2018,FALSE
358473803,7,10,19,17,23,24,17,7,3,3,2,2,0,2,2,2,5.62,Male,0,1,0,0,0,1,4,4,95,95,1,1,1,2018,TRUE
930037857,7,13,21,18,23,26,24,26,0,3,0,2,1,2,1,3,5.40,Female,1,0,0,0,0,0,2,1,120,120,2,2,1,2020,FALSE
362475586,11,12,19,19,23,25,23,34,1,2,1,2,1,3,2,2,5.33,Female,1,0,0,0,0,0,2,1,98,98,2,0,0,2017,FALSE
867248759,13,17,18,22,26,26,25,32,3,5,1,2,2,5,2,2,5.26,Male,1,0,0,0,0,0,3,2,94,94,2,1,1,2018,FALSE
541656723,22,27,24,25,24,29,30,47,4,5,1,4,3,5,2,3,5.41,Male,1,0,0,0,0,0,3,2,116,116,2,0,2,2020,FALSE
346546166,7,9,25,28,31,29,19,37,2,5,2,2,4,3,2,2,5.70,Male,1,0,0,0,0,0,1,1,95,95,1,0,0,2020,FALSE
249021889,1,4,14,17,22,25,18,33,0,2,1,2,1,2,1,1,5.13,Female,0,1,0,0,0,0,3,1,116,104,2,0,2,2021,FALSE
675020509,24,30,29,27,30,30,40,34,3,4,2,2,2,5,1,3,5.22,Male,1,0,0,0,0,0,3,2,101,101,2,2,2,2016,FALSE
545447010,9,15,16,17,26,28,13,32,2,4,1,2,1,3,0,2,5.62,Female,1,0,0,0,0,0,3,2,103,103,2,1,2,2018,FALSE
321733956,4,8,18,15,13,25,6,24,2,4,1,2,2,4,1,2,6.11,Male,0,1,0,0,0,0,3,3,95,95,2,1,2,2017,TRUE
589715939,13,18,18,23,25,29,17,38,2,2,1,1,2,1,1,2,5.50,Female,1,0,0,0,0,0,2,1,103,103,2,2,1,2020,FALSE
475105055,20,22,25,25,29,30,59,37,3,3,1,2,3,2,1,1,4.74,Female,1,0,0,0,0,0,2,1,120,120,2,2,2,2018,FALSE
266850536,8,12,14,19,19,26,14,32,1,2,1,1,1,1,2,2,5.33,Female,1,0,0,0,0,0,1,1,95,95,2,0,0,2018,FALSE
176572486,15,17,20,22,24,27,25,30,1,3,1,4,1,4,1,2,5.52,Male,1,0,0,0,0,0,3,1,115,115,1,1,0,2017,FALSE
310815855,7,15,17,21,24,28,7,29,1,4,1,2,0,2,0,2,5.01,Male,1,0,0,0,0,0,4,2,89,89,2,1,0,2018,FALSE
156754805,13,14,21,26,30,31,28,34,1,4,1,4,3,4,2,2,5.58,Male,1,0,0,0,0,0,3,2,114,114,2,2,0,2016,FALSE
765473472,7,13,22,29,27,32,13,23,1,2,1,1,0,2,2,0,5.38,Male,1,0,0,0,0,0,5,3,95,95,1,1,0,2017,FALSE
596703895,5,14,19,17,19,23,8,33,2,1,1,1,0,1,0,1,5.05,Male,0,1,0,0,0,0,2,1,101,101,2,2,1,2016,FALSE
489569154,5,18,20,25,29,30,15,30,2,2,1,1,1,2,2,0,5.25,Male,1,0,0,0,0,0,2,2,103,103,2,0,1,2020,FALSE
925429115,10,15,19,21,24,26,16,32,4,4,3,3,2,2,2,2,5.53,Male,0,1,0,0,0,0,2,2,99,99,2,1,2,2017,TRUE
365676661,9,15,23,18,26,30,8,16,2,3,1,2,0,3,2,2,4.80,Male,1,0,0,0,0,0,2,1,115,115,2,1,2,2018,FALSE
319537880,10,14,20,22,22,28,35,33,2,3,1,2,1,2,1,2,5.70,Female,1,0,0,0,0,0,2,1,98,98,2,0,0,2018,TRUE
516539672,2,14,24,21,24,27,12,22,2,3,1,2,1,2,0,2,5.26,Male,0,1,0,0,0,0,3,3,99,99,2,1,0,2017,FALSE
525940192,15,20,24,28,27,27,16,26,2,2,1,1,2,2,1,1,5.24,Male,0,1,0,0,0,1,2,1,109,109,2,2,2,2018,FALSE
330032106,-3,0,7,8,12,15,3,4,0,2,1,1,0,1,1,1,4.72,Male,0,1,0,0,0,0,5,3,89,89,2,1,0,2018,TRUE
486765418,14,19,25,27,24,29,16,36,0,4,1,1,1,1,2,1,5.26,Female,1,0,0,0,0,0,2,1,103,103,2,2,1,2018,FALSE
907144491,6,17,24,27,30,30,18,21,2,2,1,1,1,3,2,0,5.36,Female,1,0,0,0,0,0,1,1,94,91,2,2,2,2021,FALSE
375497707,2,11,16,13,14,24,11,19,2,2,1,1,1,0,1,1,4.85,Male,0,0,0,1,0,1,3,1,103,103,2,1,2,2018,TRUE
838409929,10,13,16,17,21,26,15,23,1,2,1,1,1,1,2,1,5.39,Female,1,0,0,0,0,0,2,2,95,95,1,0,1,2018,FALSE
653427386,25,26,28,29,32,29,40,38,3,4,2,1,1,4,0,2,5.26,Male,1,0,0,0,0,0,2,1,99,95,2,2,2,2016,FALSE
479492937,11,16,21,22,25,29,8,29,2,4,1,2,2,4,1,2,5.56,Male,1,0,0,0,0,0,1,1,98,98,0,0,0,2018,FALSE
508589877,17,18,24,28,30,30,18,36,2,3,1,2,2,2,0,2,5.23,Male,1,0,0,0,0,0,4,3,101,101,2,2,1,2016,FALSE
144975049,10,11,18,17,23,29,28,34,2,2,0,2,2,2,0,1,5.57,Female,1,0,0,0,0,0,1,1,89,89,1,1,0,2017,FALSE
281449640,11,16,25,27,26,31,41,30,2,3,1,2,1,5,2,2,5.70,Male,1,0,0,0,0,0,2,1,95,93,0,0,0,2021,FALSE
836855627,10,13,26,25,28,27,23,30,1,3,1,2,2,2,2,2,5.08,Female,1,0,0,0,0,0,2,1,120,120,0,0,0,2016,FALSE
874878811,1,10,17,22,21,24,10,12,2,2,0,1,1,0,1,1,4.95,Female,1,0,0,0,0,0,2,1,116,116,2,1,2,2018,TRUE
210949035,11,10,19,13,23,25,11,33,2,4,1,2,1,4,1,2,5.46,Male,0,0,1,0,0,0,3,2,103,99,2,1,1,2018,FALSE
801785930,6,10,17,17,20,23,49,27,2,4,1,1,2,4,2,2,5.86,Male,1,0,0,0,0,0,2,2,103,103,0,0,0,2017,FALSE
471702070,12,14,22,22,26,25,35,38,2,4,2,2,3,3,2,2,5.14,Male,1,0,0,0,0,0,2,1,113,105,1,1,1,2021,FALSE
217819831,12,19,19,18,23,25,16,32,1,3,1,2,0,2,0,1,4.70,Male,1,0,0,0,0,0,2,2,95,95,2,2,0,2018,FALSE
876081277,13,24,28,28,30,29,6,33,1,3,1,3,0,2,0,3,5.56,Male,1,0,0,0,0,0,1,1,94,91,2,2,1,2021,FALSE
779738224,15,20,26,33,28,30,27,31,3,5,2,2,4,4,2,2,5.35,Male,1,0,0,0,0,0,2,2,113,113,2,0,1,2020,FALSE
214136607,11,15,22,31,31,30,38,33,2,2,1,1,1,2,0,2,5.85,Female,1,0,0,0,0,0,3,3,114,114,1,1,1,2018,FALSE
133810599,1,9,19,19,19,28,9,16,2,3,1,1,1,3,1,2,4.90,Female,1,0,0,0,0,0,4,3,89,89,0,0,1,2018,FALSE
117845857,16,19,22,26,25,30,37,33,3,4,2,2,1,2,2,2,5.38,Male,1,0,0,0,0,0,1,1,95,92,2,2,2,2021,FALSE
590543075,5,7,10,13,12,13,11,17,1,1,1,0,1,2,0,2,5.58,Male,0,1,0,0,0,0,2,1,113,113,2,2,2,2016,TRUE
311302467,7,9,15,19,23,29,11,25,2,2,1,1,1,1,2,1,4.89,Female,0,1,0,0,0,0,3,1,115,115,2,2,2,2017,TRUE
682946066,5,13,25,32,31,28,10,40,2,3,1,1,2,2,1,0,4.94,Male,1,0,0,0,0,0,2,1,101,101,2,1,2,2020,FALSE
457890213,9,15,18,20,21,23,11,22,1,2,1,1,1,1,0,1,5.42,Male,1,0,0,0,0,0,2,2,94,94,0,0,0,2017,FALSE
212596009,25,25,31,30,31,29,50,33,4,5,2,2,5,5,2,4,5.42,Male,1,0,0,0,0,0,2,1,95,95,2,1,2,2018,FALSE
666021751,10,15,25,24,30,29,36,42,2,4,1,2,1,2,2,2,5.30,Male,0,0,0,0,1,1,2,2,100,100,2,2,2,2018,FALSE
412701537,11,10,18,16,26,26,9,26,1,2,1,2,1,2,2,3,5.18,Female,1,0,0,0,0,0,2,2,112,112,2,2,2,2018,TRUE
406804706,15,22,28,29,29,29,39,34,2,3,1,2,2,2,0,0,5.12,Male,1,0,0,0,0,0,2,2,114,114,2,2,2,2017,FALSE
687941704,5,12,18,19,20,23,25,40,2,3,2,2,3,4,2,2,5.35,Male,1,0,0,0,0,0,3,3,104,104,2,2,1,2020,FALSE
806967783,3,6,8,9,8,18,2,-1,0,1,0,1,0,0,1,0,5.47,Male,0,1,0,0,0,1,3,1,95,95,2,1,0,2018,TRUE
506734841,14,11,22,22,30,32,17,29,2,6,1,4,1,5,2,4,5.94,Male,1,0,0,0,0,0,2,2,78,78,2,0,2,2021,FALSE
212595654,7,8,10,9,14,12,0,6,0,0,0,0,1,1,0,1,5.35,Female,0,1,0,0,0,1,1,1,95,95,2,0,0,2018,TRUE
521389517,11,9,19,20,22,21,44,36,2,5,1,2,3,4,1,2,5.49,Male,1,0,0,0,0,0,2,2,120,120,0,0,0,2016,TRUE
920588280,3,12,12,9,14,14,3,26,1,3,1,2,0,0,0,1,5.84,Male,0,1,0,0,0,1,1,1,95,95,2,1,1,2020,TRUE
791684894,13,18,20,20,23,29,31,33,2,4,1,1,2,2,1,2,4.67,Female,1,0,0,0,0,0,1,1,120,120,2,2,2,2017,FALSE
763303256,12,11,21,25,28,28,39,40,2,4,2,2,1,2,1,3,5.28,Female,1,0,0,0,0,0,4,3,104,104,0,0,0,2016,FALSE
945354867,7,12,19,23,20,27,19,32,0,4,1,2,1,3,0,2,5.62,Male,1,0,0,0,0,0,3,3,95,95,1,0,1,2017,FALSE
835005508,7,14,16,17,23,25,15,20,1,2,1,1,1,2,2,2,4.97,Female,1,0,0,0,0,0,3,3,92,87,1,0,0,2021,FALSE
310429923,10,14,21,21,25,25,28,31,4,5,2,2,2,5,1,2,5.16,Male,1,0,0,0,0,0,2,2,120,120,2,1,2,2016,FALSE
102038736,12,14,22,22,25,29,28,40,1,4,1,2,2,4,2,2,5.27,Male,1,0,0,0,0,0,1,1,115,115,2,2,1,2020,FALSE
488043246,22,31,30,31,31,32,38,46,3,5,2,4,3,5,2,3,5.80,Male,1,0,0,0,0,0,2,1,113,113,2,2,2,2020,FALSE
295048339,18,20,21,23,26,28,41,36,2,3,1,2,1,2,0,0,5.46,Female,0,1,0,0,0,1,2,1,102,102,0,0,0,2018,FALSE
426985119,5,6,19,14,18,28,8,14,1,2,0,2,1,3,0,2,4.65,Female,1,0,0,0,0,0,4,3,88,88,1,1,0,2017,FALSE
507611783,7,15,25,25,25,27,25,27,2,4,1,2,1,4,0,2,5.13,Male,1,0,0,0,0,0,2,1,113,113,2,0,0,2017,FALSE
234656637,0,11,14,13,15,18,6,5,0,1,0,1,0,1,0,2,5.03,Female,0,1,0,0,0,0,3,2,93,93,2,1,1,2017,TRUE
126823937,10,24,28,29,27,30,13,39,3,5,1,2,1,4,2,3,5.58,Male,1,0,0,0,0,0,3,2,95,95,2,0,0,2020,FALSE
430915156,17,20,24,25,27,29,34,32,1,2,2,2,1,1,0,1,5.14,Female,1,0,0,0,0,0,1,1,95,95,1,1,0,2018,FALSE
670579189,6,13,18,24,22,29,7,33,2,4,1,3,2,2,2,2,5.27,Male,1,0,0,0,0,0,2,2,102,103,1,2,2,2017,FALSE
627217743,18,19,24,29,28,29,51,35,2,3,1,1,0,3,2,1,5.65,Female,1,0,0,0,0,0,4,4,101,101,2,0,0,2016,FALSE
532960544,10,14,17,14,24,29,20,24,2,3,1,2,2,4,0,0,5.52,Male,1,0,0,0,0,0,1,1,101,96,2,2,2,2021,FALSE
690801187,16,23,28,31,28,30,23,32,1,3,1,2,2,2,0,2,5.44,Male,1,0,0,0,0,0,2,1,101,101,2,2,1,2016,FALSE
551761999,4,9,20,12,20,26,14,7,0,4,0,2,0,2,0,2,5.01,Male,1,0,0,0,0,0,3,1,89,89,1,0,1,2017,FALSE
248583006,11,18,23,22,22,26,18,30,2,3,1,3,1,3,0,2,5.57,Male,1,0,0,0,0,0,2,2,95,95,2,2,0,2017,FALSE
579985466,12,18,19,21,24,28,37,38,2,1,1,1,0,2,0,1,5.70,Female,1,0,0,0,0,0,1,1,95,95,2,0,0,2017,FALSE
534942983,3,9,22,22,25,30,7,29,1,2,1,2,1,2,1,2,5.42,Female,1,0,0,0,0,0,3,3,95,95,0,0,0,2020,FALSE
350645655,10,16,23,31,29,30,26,32,2,2,1,2,2,2,0,2,4.82,Female,0,1,0,0,0,0,1,1,114,102,1,1,1,2021,FALSE
652124649,3,10,17,17,19,22,6,12,1,4,1,2,2,4,2,2,5.33,Male,1,0,0,0,0,0,3,2,115,104,1,0,1,2021,TRUE
612204847,2,1,7,7,8,10,1,-3,0,1,0,1,0,1,0,1,5.27,Male,0,1,0,0,0,0,2,2,97,97,0,0,0,2017,TRUE
389729619,24,24,25,27,26,29,95,55,2,2,1,1,2,1,2,2,5.32,Female,1,0,0,0,0,0,2,1,95,95,2,1,0,2020,FALSE
746671862,8,12,19,17,19,22,16,19,0,2,0,1,1,0,0,2,4.74,Female,0,1,0,0,0,0,2,1,95,95,0,0,0,2017,FALSE
994888114,16,21,21,20,20,25,19,33,1,3,1,2,0,2,1,1,4.95,Female,1,0,0,0,0,0,1,1,95,95,2,2,2,2018,FALSE
855624567,4,16,21,22,24,29,16,33,2,4,1,2,2,3,1,1,4.90,Male,0,1,0,0,0,0,1,1,120,120,1,0,1,2018,FALSE
320818191,8,12,18,19,22,25,30,29,2,2,1,2,0,1,0,0,5.63,Male,0,1,0,0,0,0,3,2,102,102,2,2,2,2017,FALSE
462107279,7,13,18,21,22,27,23,35,2,3,1,2,2,2,2,2,5.31,Male,1,0,0,0,0,0,1,1,109,99,1,1,1,2018,FALSE
899185903,10,11,19,21,27,32,10,40,1,2,0,2,0,2,0,1,4.77,Female,1,0,0,0,0,0,2,1,105,105,2,2,2,2020,FALSE
237528304,16,15,21,24,20,25,26,41,2,2,1,1,1,1,0,2,5.18,Female,1,0,0,0,0,0,3,3,110,110,2,2,2,2020,FALSE
272690616,4,15,17,17,24,30,12,35,2,3,1,2,1,3,1,2,4.99,Male,1,0,0,0,0,0,3,2,114,114,2,2,2,2017,FALSE
850906201,10,12,19,20,28,29,32,42,2,3,1,1,2,2,0,2,5.16,Male,1,0,0,0,0,0,2,2,104,98,2,2,0,2021,FALSE
264830876,11,14,19,17,22,24,16,26,1,4,1,2,1,4,2,2,5.79,Male,1,0,0,0,0,0,4,2,98,98,2,1,0,2017,TRUE
427987550,20,19,26,25,25,27,17,38,1,3,1,1,1,1,1,2,5.54,Female,0,0,1,0,0,0,2,2,109,109,2,0,0,2020,FALSE
207315859,13,14,24,20,24,30,24,30,3,4,1,2,1,2,2,2,5.85,Male,1,0,0,0,0,0,2,1,97,97,2,0,0,2017,FALSE
590632947,21,22,23,24,26,27,20,32,3,5,1,2,1,4,2,3,5.38,Male,1,0,0,0,0,0,2,2,97,97,0,0,0,2017,FALSE
862011570,26,28,31,29,28,30,48,36,4,5,2,3,4,2,2,3,5.41,Female,1,0,0,0,0,0,1,1,101,101,2,0,0,2016,FALSE
142130692,9,13,23,23,23,26,26,28,0,3,1,2,0,4,0,2,5.33,Male,0,1,0,0,0,0,2,1,95,95,2,0,1,2017,FALSE
930801018,4,14,16,22,21,25,12,27,0,2,1,1,1,2,1,2,6.10,Male,0,1,0,0,0,0,2,1,95,95,1,0,0,2020,FALSE
270721223,9,14,30,26,29,32,27,37,1,3,0,2,1,2,2,3,5.02,Female,1,0,0,0,0,0,1,1,115,115,2,1,1,2020,TRUE
638492585,15,12,26,18,28,27,16,20,2,3,1,2,1,2,2,2,5.37,Male,1,0,0,0,0,0,2,2,104,98,2,1,1,2021,TRUE
996625383,5,7,9,8,13,14,12,17,1,2,1,1,0,2,0,2,4.81,Female,0,0,0,0,1,0,2,2,91,98,1,0,0,2021,TRUE
631958556,15,13,23,22,23,28,40,33,2,2,1,2,2,5,2,4,5.45,Female,1,0,0,0,0,0,1,1,113,113,1,0,1,2017,FALSE
949987610,5,12,23,20,24,31,9,34,1,1,0,1,0,1,0,2,4.70,Female,0,1,0,0,0,0,3,3,103,103,2,2,2,2020,FALSE
577871345,21,20,28,28,29,32,4,19,0,2,1,1,0,1,0,1,5.70,Male,0,1,0,0,0,1,3,3,116,116,2,0,0,2018,FALSE
861982940,5,17,24,28,28,29,44,43,2,2,1,2,1,2,1,2,5.49,Male,0,1,0,0,0,0,3,2,117,108,2,2,1,2021,FALSE
693473759,9,15,18,19,24,25,17,18,2,4,1,2,1,5,2,2,4.98,Female,1,0,0,0,0,0,1,1,107,107,2,2,1,2020,FALSE
766253321,9,14,18,27,23,26,26,29,2,2,1,1,2,2,2,2,5.36,Female,1,0,0,0,0,0,2,1,97,97,2,2,1,2016,FALSE
605347477,19,18,24,25,27,30,50,39,3,4,2,2,2,4,2,2,5.27,Male,1,0,0,0,0,0,1,1,120,120,0,0,0,2016,FALSE
589352804,10,14,23,19,26,28,38,41,1,3,0,2,1,2,0,2,5.28,Male,1,0,0,0,0,0,2,1,100,100,2,2,0,2018,FALSE
503572871,5,14,24,26,31,29,11,18,2,3,1,2,1,2,2,2,5.43,Female,1,0,0,0,0,0,2,2,112,112,2,2,2,2018,FALSE
520740625,2,4,19,23,22,28,10,18,1,2,1,1,2,0,0,2,4.90,Female,0,1,0,0,0,0,2,1,88,88,2,1,0,2018,FALSE
476163889,10,12,17,14,18,24,11,14,1,3,1,2,0,4,2,1,5.39,Male,1,0,0,0,0,0,5,4,104,98,2,2,2,2021,TRUE
703199624,29,32,29,28,29,31,34,52,2,3,1,2,0,2,0,2,5.71,Male,1,0,0,0,0,0,2,1,105,105,2,0,1,2020,FALSE
505953824,4,15,23,23,28,31,12,27,0,2,1,1,1,2,0,2,5.70,Male,1,0,0,0,0,0,1,1,114,114,2,1,0,2016,FALSE
227074252,9,12,17,17,24,27,14,34,1,2,1,1,2,2,1,3,5.49,Male,1,0,0,0,0,0,3,2,98,98,2,2,1,2018,FALSE
802797389,15,18,18,26,27,32,13,47,1,3,1,2,0,1,2,1,5.75,Female,0,1,0,0,0,1,3,2,114,104,2,0,0,2021,FALSE
139474925,3,17,20,22,26,25,17,15,1,3,1,2,1,2,0,2,5.11,Male,0,1,0,0,0,0,2,2,113,113,2,0,1,2020,FALSE
771788719,12,16,22,27,28,29,19,37,1,3,1,2,1,2,2,2,5.16,Male,1,0,0,0,0,0,2,1,114,114,0,0,0,2016,FALSE
273933819,11,15,22,23,30,29,32,26,1,2,1,2,2,2,2,2,5.35,Male,1,0,0,0,0,0,2,1,98,98,2,0,1,2016,FALSE
603088582,9,13,18,25,26,30,17,35,1,2,0,1,1,2,1,1,5.21,Female,1,0,0,0,0,0,2,1,98,98,2,2,1,2021,FALSE
587288549,4,11,18,20,21,26,33,26,1,2,1,1,0,2,2,2,5.46,Female,0,1,0,0,0,1,3,2,108,108,2,2,1,2018,FALSE
433450498,11,20,21,22,24,30,30,44,4,5,2,2,2,5,2,3,5.86,Male,1,0,0,0,0,0,2,1,117,108,2,1,2,2021,FALSE
816547135,13,17,22,23,25,29,32,34,1,4,1,2,2,2,2,2,5.16,Male,0,0,0,0,1,0,3,1,110,110,2,2,2,2018,FALSE
762044099,5,12,22,19,23,32,14,29,2,2,1,1,1,2,0,1,5.05,Female,0,1,0,0,0,0,2,2,103,103,2,2,1,2020,FALSE
703801211,14,19,24,28,29,30,30,40,3,3,1,2,2,2,2,2,4.81,Female,1,0,0,0,0,0,3,3,120,120,2,2,2,2016,FALSE
433870569,7,15,17,23,26,26,13,20,2,2,1,1,0,2,1,2,5.04,Male,0,1,0,0,0,0,3,3,95,93,2,1,1,2021,FALSE
991705333,5,16,18,15,16,15,7,12,1,2,0,1,0,2,0,2,5.72,Male,1,0,0,0,0,0,2,1,94,91,2,0,0,2021,TRUE
255388261,16,20,24,26,23,30,37,36,3,3,1,2,1,2,1,2,5.84,Male,1,0,0,0,0,0,2,1,109,109,2,0,1,2020,FALSE
108236891,6,13,19,15,17,22,5,18,1,3,1,1,1,2,1,2,5.35,Male,0,1,0,0,0,1,3,3,95,95,2,1,1,2020,TRUE
296401467,18,12,18,15,31,31,31,32,2,4,1,2,2,2,0,2,5.96,Male,1,0,0,0,0,0,2,1,78,78,1,0,0,2021,FALSE
621267626,11,13,22,20,24,27,33,27,1,4,1,3,2,4,2,2,5.47,Male,1,0,0,0,0,0,2,2,120,120,0,0,0,2018,FALSE
624052345,12,12,19,22,22,23,28,24,1,2,1,2,1,1,1,2,4.75,Female,1,0,0,0,0,0,2,1,104,104,2,1,1,2020,FALSE
382207430,3,9,18,16,19,19,6,14,1,2,1,1,2,0,2,0,5.52,Male,1,0,0,0,0,0,4,3,95,95,2,1,1,2021,TRUE
580419216,4,18,20,22,22,25,27,32,2,2,2,1,2,2,1,2,5.73,Female,1,0,0,0,0,0,2,2,120,120,2,1,0,2016,FALSE
444646255,28,27,32,29,30,30,50,35,2,4,1,2,2,1,2,2,4.96,Female,1,0,0,0,0,0,3,2,101,101,1,0,0,2016,FALSE
483747332,8,10,15,17,21,25,10,23,1,2,1,1,0,2,0,1,5.93,Female,0,0,1,0,0,0,1,1,97,97,2,1,0,2018,FALSE
106533352,10,19,20,21,25,26,10,26,0,1,1,0,0,1,0,0,5.16,Female,0,1,0,0,0,0,1,1,113,102,2,2,1,2021,TRUE
635897422,6,11,21,16,18,28,18,30,1,2,1,1,0,1,2,2,5.01,Female,1,0,0,0,0,0,2,2,108,108,2,0,0,2018,FALSE
873638929,7,12,17,13,23,27,8,26,1,2,0,1,0,0,0,1,5.10,Male,1,0,0,0,0,0,1,1,94,94,2,0,2,2020,TRUE
901636300,1,5,13,16,16,20,13,15,1,2,1,1,0,0,2,2,5.50,Female,1,0,0,0,0,0,2,2,114,114,0,0,0,2016,TRUE
777988905,14,15,22,22,23,26,15,33,1,3,1,1,1,0,1,2,5.23,Male,1,0,0,0,0,0,2,1,95,95,2,0,0,2018,FALSE
974069649,19,24,24,23,28,28,43,50,3,4,1,2,1,1,2,2,5.25,Female,1,0,0,0,0,0,1,1,95,95,2,2,0,2020,FALSE
151643960,13,14,18,18,22,29,29,42,2,2,2,2,1,2,0,2,5.00,Male,0,1,0,0,0,1,2,2,99,94,2,2,2,2021,FALSE
695739699,24,29,31,28,29,30,32,44,2,1,2,3,2,2,0,3,5.88,Male,1,0,0,0,0,0,2,1,101,101,2,2,1,2016,FALSE
439780166,23,28,29,28,29,30,42,50,3,4,1,2,1,4,0,2,5.16,Male,1,0,0,0,0,0,2,1,95,95,2,2,2,2020,FALSE
532659927,5,10,17,19,19,25,13,12,2,3,1,1,2,2,1,2,5.55,Female,0,1,0,0,0,1,2,2,99,94,1,0,0,2021,FALSE
849225040,16,16,19,24,22,27,56,37,2,4,2,0,2,1,2,2,5.35,Male,1,0,0,0,0,0,2,1,120,120,0,0,0,2017,FALSE
184606063,12,15,21,20,25,27,31,36,3,5,1,2,2,3,2,2,5.60,Male,1,0,0,0,0,0,1,1,120,120,0,0,0,2018,FALSE
969973383,16,20,25,26,30,31,24,26,2,2,1,2,2,2,1,2,5.09,Female,1,0,0,0,0,0,3,3,109,109,2,0,0,2020,FALSE
496856385,3,18,20,21,22,28,21,30,3,4,2,2,2,2,2,2,5.28,Male,1,0,0,0,0,0,3,2,92,92,2,0,0,2018,FALSE
467534033,9,16,22,23,19,24,12,30,2,2,1,1,1,1,0,2,5.48,Female,0,1,0,0,0,0,4,4,97,97,2,1,2,2020,TRUE
712512308,4,9,20,23,26,28,7,34,0,3,1,2,0,2,0,2,5.63,Male,1,0,0,0,0,0,3,1,116,116,2,0,1,2018,TRUE
346496486,10,11,24,21,23,25,24,32,3,4,1,2,1,4,1,2,5.36,Male,1,0,0,0,0,0,3,1,95,95,2,0,0,2018,FALSE
822346517,15,18,22,28,29,30,66,43,2,4,2,2,2,2,1,3,5.38,Female,1,0,0,0,0,0,3,2,116,116,2,2,2,2020,FALSE
162002559,2,15,17,17,19,24,17,33,2,2,1,1,2,3,2,2,5.13,Female,1,0,0,0,0,0,3,2,94,94,2,2,1,2020,FALSE
604371555,18,19,27,26,28,29,17,45,3,3,1,2,3,1,2,2,5.63,Female,1,0,0,0,0,0,2,2,96,96,2,1,0,2020,FALSE
897604561,9,12,20,19,22,24,13,32,2,2,1,2,1,2,0,2,4.78,Male,1,0,0,0,0,0,3,2,98,98,2,0,1,2018,TRUE
121466986,14,14,18,20,25,29,10,25,2,2,1,1,2,2,2,2,4.61,Male,1,0,0,0,0,0,2,2,90,90,0,0,0,2018,FALSE
766548077,33,27,31,30,28,29,47,30,2,4,3,3,2,5,2,4,5.27,Female,1,0,0,0,0,0,2,1,95,95,0,0,0,2018,FALSE
966431627,12,13,14,21,25,24,24,17,1,2,1,1,1,3,0,2,5.15,Female,0,1,0,0,0,0,1,1,107,107,2,2,1,2020,FALSE
534914801,10,10,19,16,25,25,15,21,2,2,1,2,1,2,2,2,4.85,Female,1,0,0,0,0,0,5,5,95,95,2,1,0,2018,TRUE
103391547,5,15,18,21,23,31,20,28,1,0,1,1,1,2,2,2,5.67,Female,1,0,0,0,0,0,4,3,116,116,1,1,1,2017,FALSE
984545983,16,18,21,20,20,26,32,36,2,2,1,1,2,1,2,2,5.77,Female,1,0,0,0,0,0,2,1,116,116,2,0,2,2020,FALSE
730951110,15,11,19,25,26,27,23,40,2,3,1,2,1,2,0,2,5.05,Female,1,0,0,0,0,0,2,2,95,95,2,0,0,2018,FALSE
834411405,4,9,16,15,17,22,6,18,1,3,1,2,1,3,0,2,5.01,Male,1,0,0,0,0,0,2,2,98,98,2,0,2,2021,TRUE
335694486,13,9,20,18,23,29,22,22,1,3,1,2,1,2,1,2,5.34,Female,1,0,0,0,0,0,2,1,102,102,2,0,1,2016,FALSE
741982515,10,7,13,16,14,20,38,37,3,2,1,1,2,0,1,0,5.16,Male,1,0,0,0,0,0,2,1,120,120,2,2,2,2018,FALSE
164079464,15,19,23,26,28,28,28,32,2,3,1,2,1,2,1,2,4.82,Female,1,0,0,0,0,0,2,1,104,98,2,2,2,2021,FALSE
736207713,4,10,18,24,20,27,7,14,2,4,1,2,2,3,1,2,4.93,Male,0,1,0,0,0,0,3,3,107,96,2,2,2,2021,FALSE
236982064,5,14,22,19,24,24,25,27,1,3,0,1,1,1,0,2,5.76,Male,1,0,0,0,0,0,3,2,95,95,2,2,1,2018,FALSE
972387080,17,21,29,27,28,30,39,27,2,2,2,2,3,4,1,2,5.21,Male,1,0,0,0,0,0,3,2,114,114,2,2,2,2017,FALSE
749894946,9,13,24,24,26,30,9,30,1,3,1,1,2,2,0,2,5.39,Female,0,0,1,0,0,1,1,1,97,97,2,0,0,2017,FALSE
212404574,13,18,24,25,25,30,13,51,2,2,1,1,0,2,0,2,5.13,Male,1,0,0,0,0,0,2,1,110,110,2,2,2,2020,FALSE
657900115,11,19,20,20,21,27,42,36,4,5,1,2,3,4,2,2,4.92,Male,1,0,0,0,0,0,2,2,95,95,0,0,0,2018,FALSE
693649939,9,11,16,19,15,20,13,12,1,2,0,1,0,0,0,2,4.62,Male,0,1,0,0,0,0,1,1,91,89,2,1,0,2021,TRUE
150456533,20,20,26,32,30,33,35,32,1,2,1,2,1,4,0,2,5.17,Female,1,0,0,0,0,0,2,2,102,102,2,1,0,2018,FALSE
654378936,21,22,24,28,31,30,38,37,3,4,1,2,1,3,2,1,5.63,Female,1,0,0,0,0,0,4,2,92,92,2,0,0,2018,FALSE
341708388,0,7,12,11,14,20,4,16,1,1,1,0,0,0,0,0,5.41,Male,0,1,0,0,0,0,2,2,105,105,1,1,1,2020,FALSE
880321006,8,12,21,24,26,30,16,41,2,4,1,2,2,2,2,3,5.18,Female,1,0,0,0,0,0,4,3,114,104,2,1,2,2021,FALSE
130450827,8,15,20,26,26,30,11,18,1,3,1,2,1,3,0,2,5.66,Male,0,1,0,0,0,0,3,1,99,99,2,2,2,2017,TRUE
751281540,7,13,19,19,18,26,14,34,1,1,1,1,2,1,2,2,5.69,Female,1,0,0,0,0,0,3,2,112,112,2,0,0,2020,FALSE
174064834,20,22,24,31,31,30,32,47,1,2,1,1,1,4,2,2,5.08,Female,1,0,0,0,0,0,2,2,105,105,2,2,1,2020,FALSE
456339592,8,11,22,19,23,31,15,36,2,3,2,2,1,4,2,2,5.18,Male,1,0,0,0,0,0,3,2,99,99,2,0,0,2020,FALSE
312615117,10,7,17,14,16,19,11,12,1,2,1,1,0,1,0,2,4.70,Male,0,1,0,0,0,0,1,1,97,97,2,2,0,2018,TRUE
612885408,4,11,17,20,19,25,9,25,1,1,0,1,1,1,0,2,4.99,Female,0,1,0,0,0,0,2,2,97,97,2,2,1,2020,FALSE
719679931,19,18,25,26,31,28,33,37,2,3,1,2,2,3,2,2,4.60,Male,1,0,0,0,0,0,3,3,104,98,2,2,2,2021,FALSE
135860896,5,12,18,15,14,16,21,22,2,2,1,0,1,1,0,2,5.55,Female,0,1,0,0,0,0,3,3,92,92,2,0,1,2018,TRUE
252964540,9,13,22,23,25,28,25,37,3,4,1,2,1,4,1,3,5.44,Female,1,0,0,0,0,0,2,1,95,95,2,0,2,2020,FALSE
934502202,12,10,21,18,23,29,11,33,2,4,1,2,0,2,2,2,5.25,Female,1,0,0,0,0,0,2,1,95,95,1,1,0,2018,FALSE
100526286,8,15,18,22,24,28,14,19,2,4,1,2,2,2,1,2,5.90,Female,0,1,0,0,0,1,2,1,95,95,2,0,0,2020,TRUE
511395666,12,14,24,24,25,26,20,32,2,4,1,2,1,4,1,2,5.35,Male,1,0,0,0,0,0,2,2,108,108,2,1,0,2020,FALSE
804402781,7,12,19,20,22,25,2,21,1,2,1,1,2,2,2,2,5.50,Female,1,0,0,0,0,0,6,3,94,94,0,0,0,2017,TRUE
756720418,9,11,20,19,24,27,32,20,2,3,1,2,1,2,1,1,5.37,Female,1,0,0,0,0,0,3,2,88,88,2,2,0,2017,FALSE
706697743,6,12,21,22,25,28,19,15,4,2,2,2,2,3,0,2,5.22,Male,1,0,0,0,0,0,2,2,103,103,2,2,2,2016,FALSE
783504241,2,6,11,10,16,24,3,3,0,1,0,1,0,0,0,1,5.42,Male,1,0,0,0,0,0,4,1,88,88,2,1,1,2017,TRUE
643047607,2,8,15,11,13,17,6,23,1,0,1,1,0,2,1,0,4.85,Male,1,0,0,0,0,0,3,3,98,98,0,0,0,2018,TRUE
380171738,11,18,21,19,22,25,34,27,1,2,2,2,1,4,2,2,5.07,Male,1,0,0,0,0,0,3,2,105,105,2,1,1,2020,FALSE
345071498,10,10,22,19,22,30,16,35,1,2,1,1,2,2,1,2,5.52,Male,0,1,0,0,0,0,3,3,105,105,2,2,2,2020,FALSE
117584230,13,14,22,22,26,24,23,36,3,4,1,2,2,3,2,2,5.52,Male,1,0,0,0,0,0,4,4,94,94,2,0,0,2020,FALSE
314196224,3,7,16,16,19,26,8,24,1,2,0,1,1,1,1,2,5.92,Female,0,1,0,0,0,1,3,2,108,108,1,1,1,2018,FALSE
532938278,10,12,21,18,23,28,51,27,2,2,2,2,2,1,2,2,5.27,Male,1,0,0,0,0,0,2,1,105,105,1,0,1,2018,FALSE
284340869,3,18,17,23,27,29,4,28,0,1,1,1,1,1,0,0,6.02,Female,0,1,0,0,0,0,4,3,116,116,2,0,0,2017,FALSE
210958454,16,20,21,25,27,29,14,37,2,3,1,2,3,2,2,2,5.29,Male,0,0,0,1,0,0,3,2,101,101,2,1,0,2016,FALSE
395061927,7,10,19,14,23,28,10,31,2,2,1,2,0,2,2,2,5.35,Male,1,0,0,0,0,0,3,2,88,88,2,1,1,2017,FALSE
460410904,9,9,15,15,20,25,6,10,2,4,0,2,1,2,0,2,4.82,Male,0,0,0,0,1,1,2,1,78,78,2,1,2,2021,TRUE
432700910,16,16,20,22,28,29,19,33,2,4,1,2,2,4,1,2,5.03,Female,1,0,0,0,0,0,3,3,110,110,2,0,0,2018,FALSE
702269350,16,14,20,19,29,30,31,30,4,4,1,2,2,3,2,3,5.39,Female,1,0,0,0,0,0,2,2,112,112,2,1,1,2018,FALSE
526047731,12,17,23,21,25,31,44,29,2,3,1,1,2,2,0,1,5.28,Female,1,0,0,0,0,0,2,2,103,103,2,2,2,2016,FALSE
210492630,12,14,24,23,30,29,39,45,3,3,1,2,1,2,2,2,5.72,Male,1,0,0,0,0,0,3,2,117,108,2,2,2,2021,FALSE
639758759,18,16,23,29,30,31,20,32,1,2,1,2,0,1,2,1,4.66,Male,1,0,0,0,0,0,1,1,114,114,0,0,0,2016,FALSE
343216768,17,20,26,25,28,27,25,36,3,3,1,2,2,2,2,1,5.12,Male,1,0,0,0,0,0,2,1,120,120,2,1,0,2018,FALSE
850638215,12,14,17,21,20,26,36,29,2,2,2,2,0,1,1,2,5.25,Male,0,1,0,0,0,1,2,1,114,114,2,1,1,2020,FALSE
202437832,11,12,17,24,30,31,26,48,2,2,1,1,2,2,2,2,5.30,Female,1,0,0,0,0,0,2,2,120,120,2,2,1,2020,FALSE
547150212,6,14,21,24,24,26,23,34,3,3,1,2,1,2,2,2,5.29,Male,1,0,0,0,0,0,3,2,109,109,2,0,2,2020,FALSE
106959028,6,18,23,21,20,29,7,24,2,2,1,1,1,2,2,2,5.01,Male,0,1,0,0,0,0,3,2,103,103,2,1,2,2020,FALSE
212695351,3,7,17,18,19,29,6,3,2,1,1,1,1,1,0,0,5.87,Male,1,0,0,0,0,0,3,1,88,88,1,0,0,2018,FALSE
532780322,7,11,20,18,21,22,10,11,3,4,2,2,4,4,2,2,5.84,Male,1,0,0,0,0,0,3,3,92,87,2,0,0,2021,TRUE
432545647,9,18,21,22,30,29,11,27,1,3,0,1,2,2,1,1,4.77,Male,1,0,0,0,0,0,5,4,95,95,0,0,0,2018,FALSE
575291679,12,22,22,29,29,30,37,45,2,3,1,2,1,2,2,1,5.42,Female,0,0,1,0,0,1,1,1,91,91,1,0,0,2020,FALSE
508474805,4,9,19,20,20,23,10,36,1,1,1,0,1,2,0,0,5.50,Male,0,1,0,0,0,0,1,1,120,109,2,2,1,2021,FALSE
799042100,14,17,24,25,27,32,26,27,2,4,1,2,2,4,2,2,5.20,Male,1,0,0,0,0,0,4,4,95,95,2,2,1,2018,FALSE
392097688,18,20,22,30,28,30,35,42,2,2,1,2,2,2,0,4,4.95,Male,1,0,0,0,0,0,2,2,107,96,2,2,1,2021,FALSE
604019740,12,18,26,22,27,31,44,35,2,2,1,2,1,4,1,2,5.42,Female,1,0,0,0,0,0,3,1,117,108,2,2,2,2021,FALSE
477600886,18,25,26,28,30,31,36,31,2,4,1,2,1,2,2,2,4.79,Female,1,0,0,0,0,0,2,1,97,97,2,2,0,2017,FALSE
555545474,7,18,22,18,25,27,14,36,2,4,1,2,1,2,2,2,5.27,Male,0,1,0,0,0,1,4,2,95,95,2,1,0,2020,FALSE
583215828,10,13,25,22,21,26,30,35,2,2,1,2,1,1,0,0,4.74,Female,1,0,0,0,0,0,4,3,95,95,2,0,0,2018,FALSE
169752737,11,8,21,24,25,27,15,26,1,2,1,2,0,2,1,2,5.46,Female,1,0,0,0,0,0,2,1,95,93,0,0,0,2021,FALSE
806344804,13,14,19,14,25,26,18,22,2,2,1,1,1,2,1,2,5.42,Female,0,1,0,0,0,1,3,2,99,99,2,0,1,2020,TRUE
746163107,5,10,18,17,17,25,11,7,1,5,0,2,2,4,2,2,5.52,Male,1,0,0,0,0,0,4,2,92,92,2,0,0,2020,FALSE
978505890,6,10,21,20,22,26,20,31,2,2,1,1,1,1,0,1,5.72,Male,1,0,0,0,0,0,3,1,120,120,2,1,1,2017,FALSE
232232261,4,10,18,17,20,26,17,22,3,4,2,2,2,1,2,2,5.78,Male,0,1,0,0,0,0,2,2,117,108,2,0,0,2021,TRUE
278868331,7,13,18,16,20,29,12,27,1,2,1,1,2,3,0,2,5.34,Male,1,0,0,0,0,0,5,2,88,88,1,0,0,2017,TRUE
988080686,14,13,19,22,26,32,16,34,3,3,1,2,2,2,1,2,5.40,Male,1,0,0,0,0,0,2,1,114,114,2,2,2,2020,FALSE
